2013-07-03T04:00:00.000000Z,100.7115,100.8235,99.2595,99.823,107042
2013-07-04T04:00:00.000000Z,99.821,100.4595,99.4945,100.2695,69919
2013-07-05T04:00:00.000000Z,100.2715,101.2255,99.892,101.189,75062
2013-07-07T04:00:00.000000Z,101.265,101.5345,101.091,101.2435,21386
2013-07-08T04:00:00.000000Z,101.2465,101.3875,100.771,101.058,73806
2013-07-09T04:00:00.000000Z,101.0575,101.297,100.8315,100.998,65713
2013-07-10T04:00:00.000000Z,100.9995,101.022,98.233,98.7055,167361
2013-07-11T04:00:00.000000Z,98.707,99.5025,98.2735,99.032,123079
2013-07-12T04:00:00.000000Z,99.0325,99.695,98.8065,99.214,63211
2013-07-14T04:00:00.000000Z,99.3665,99.3845,99.0595,99.2505,9102
2013-07-15T04:00:00.000000Z,99.2505,100.485,99.236,99.7435,69572
2013-07-16T04:00:00.000000Z,99.743,99.9435,98.8945,99.3475,79457
2013-07-17T04:00:00.000000Z,99.3455,100.0645,99.043,100.0415,90561
2013-07-18T04:00:00.000000Z,100.0405,100.868,99.806,100.0385,103092
2013-07-19T04:00:00.000000Z,100.037,100.644,99.9085,100.607,58644
2013-07-21T04:00:00.000000Z,100.446,100.623,99.613,99.9795,37311
2013-07-22T04:00:00.000000Z,99.9795,100.155,99.146,99.554,71733
2013-07-23T04:00:00.000000Z,99.552,100.1815,99.344,99.752,71943
2013-07-24T04:00:00.000000Z,99.752,100.454,99.6275,100.1605,80616
2013-07-25T04:00:00.000000Z,100.16,100.1645,98.6875,98.8265,99922
2013-07-26T04:00:00.000000Z,98.8275,98.941,97.96,98.272,66663
2013-07-28T04:00:00.000000Z,98.0805,98.348,97.6395,97.8705,27242
2013-07-29T04:00:00.000000Z,97.8725,98.4465,97.678,98.3105,75887
2013-07-30T04:00:00.000000Z,98.3105,98.463,97.7625,98.0905,72459
2013-07-31T04:00:00.000000Z,98.09,98.556,97.5835,98.336,107450
2013-08-01T04:00:00.000000Z,98.334,99.6975,98.2375,99.324,87742
2013-08-02T04:00:00.000000Z,99.324,99.958,98.6615,98.9515,75320
2013-08-04T04:00:00.000000Z,98.9365,99.152,98.708,98.778,17939
2013-08-05T04:00:00.000000Z,98.7765,98.857,97.841,98.133,70795
2013-08-06T04:00:00.000000Z,98.135,98.5875,97.091,97.24,89786
2013-08-07T04:00:00.000000Z,97.2425,97.3605,96.326,96.739,102160
2013-08-08T04:00:00.000000Z,96.737,96.9715,95.809,96.435,94126
2013-08-09T04:00:00.000000Z,96.436,96.808,96.13,96.216,48172
2013-08-11T04:00:00.000000Z,96.325,96.6385,95.9255,96.554,24533
2013-08-12T04:00:00.000000Z,96.554,97.438,96.3655,97.314,65822
2013-08-13T04:00:00.000000Z,97.3135,98.3435,97.2335,97.9535,78815
2013-08-14T04:00:00.000000Z,97.953,98.429,97.5895,97.7725,82575
2013-08-15T04:00:00.000000Z,97.773,98.6515,97.051,97.5875,104873
2013-08-16T04:00:00.000000Z,97.586,97.7775,97.196,97.526,53899
2013-08-18T04:00:00.000000Z,97.622,97.854,97.36,97.598,19470
2013-08-19T04:00:00.000000Z,97.599,98.1265,97.4725,97.532,67180
2013-08-20T04:00:00.000000Z,97.5315,97.607,96.9125,97.2475,87120
2013-08-21T04:00:00.000000Z,97.249,98.3345,97.2275,98.1295,91878
2013-08-22T04:00:00.000000Z,98.128,99.101,98.1195,98.9765,76456
2013-08-23T04:00:00.000000Z,98.9765,99.1475,98.389,98.7365,59394
2013-08-25T04:00:00.000000Z,98.576,98.8435,98.5605,98.679,14786
2013-08-26T04:00:00.000000Z,98.6785,98.7525,98.047,98.3705,53467
2013-08-27T04:00:00.000000Z,98.3725,98.3895,96.821,97.0595,85588
2013-08-28T04:00:00.000000Z,97.059,97.909,96.993,97.578,72352
2013-08-29T04:00:00.000000Z,97.576,98.524,97.576,98.2125,72482
2013-08-30T04:00:00.000000Z,98.21,98.388,97.885,98.17,51958
2013-09-01T04:00:00.000000Z,98.441,98.6755,98.282,98.6315,19304
2013-09-02T04:00:00.000000Z,98.6335,99.701,98.5295,99.5025,61591
2013-09-03T04:00:00.000000Z,99.5025,99.863,99.171,99.626,78428
2013-09-04T04:00:00.000000Z,99.6285,99.8255,99.3195,99.6755,62139
2013-09-05T04:00:00.000000Z,99.6755,100.2255,99.568,99.804,83171
2013-09-06T04:00:00.000000Z,99.8035,99.9505,98.5415,99.109,73174
2013-09-08T04:00:00.000000Z,99.7155,100.108,99.49,99.662,26976
2013-09-09T04:00:00.000000Z,99.6625,99.7705,99.334,99.5685,56379
2013-09-10T04:00:00.000000Z,99.5685,100.5855,99.5425,100.563,74684
2013-09-11T04:00:00.000000Z,100.561,100.6125,99.3965,99.611,74042
2013-09-12T04:00:00.000000Z,99.611,99.8375,99.0145,99.6225,71294
2013-09-13T04:00:00.000000Z,99.623,99.9785,99.1955,99.3745,47985
2013-09-15T04:00:00.000000Z,98.649,99.1065,98.468,98.852,21168
2013-09-16T04:00:00.000000Z,98.852,99.3635,98.6445,99.256,51692
2013-09-17T04:00:00.000000Z,99.2555,99.3855,99.047,99.2575,46198
2013-09-18T04:00:00.000000Z,99.2575,99.2595,97.765,98.4055,96982
2013-09-19T04:00:00.000000Z,98.4055,99.638,98.2235,99.2465,78424
2013-09-20T04:00:00.000000Z,99.247,99.67,99.177,99.353,44164
2013-09-22T04:00:00.000000Z,99.2585,99.36,99.085,99.118,9387
2013-09-23T04:00:00.000000Z,99.119,99.1675,98.648,98.777,48406
2013-09-24T04:00:00.000000Z,98.78,99.176,98.478,98.7255,59711
2013-09-25T04:00:00.000000Z,98.725,99.1175,98.272,98.8995,65009
2013-09-26T04:00:00.000000Z,98.897,99.1345,98.5085,98.7835,63279
2013-09-27T04:00:00.000000Z,98.784,98.7855,98.0975,98.248,48813
2013-09-29T04:00:00.000000Z,97.6765,97.989,97.63,97.947,22479
2013-09-30T04:00:00.000000Z,97.9475,98.731,97.498,98.244,75512
2013-10-01T04:00:00.000000Z,98.246,98.5665,97.658,97.739,81515
2013-10-02T04:00:00.000000Z,97.7365,97.826,97.145,97.649,79814
2013-10-03T04:00:00.000000Z,97.65,97.874,96.9305,97.278,73914
2013-10-04T04:00:00.000000Z,97.2775,97.482,96.953,97.4715,46790
2013-10-06T04:00:00.000000Z,97.229,97.343,97.024,97.1605,15364
2013-10-07T04:00:00.000000Z,97.1595,97.22,96.569,96.9265,57961
2013-10-08T04:00:00.000000Z,96.9295,97.396,96.825,97.342,63828
2013-10-09T04:00:00.000000Z,97.345,97.7645,97.1185,97.7015,70009
2013-10-10T04:00:00.000000Z,97.702,98.553,97.601,98.465,75131
2013-10-11T04:00:00.000000Z,98.467,98.5985,98.1955,98.5775,41508
2013-10-13T04:00:00.000000Z,98.256,98.353,98.128,98.3045,10089
2013-10-14T04:00:00.000000Z,98.3045,98.7055,98.097,98.4585,34746
2013-10-15T04:00:00.000000Z,98.456,98.7045,97.987,98.528,75862
2013-10-16T04:00:00.000000Z,98.5295,99.008,98.2525,98.6285,65016
2013-10-17T04:00:00.000000Z,98.6255,98.6565,97.737,98.034,68802
2013-10-18T04:00:00.000000Z,98.0335,98.0985,97.558,97.713,35824
2013-10-20T04:00:00.000000Z,97.858,98.104,97.778,97.95,12867
2013-10-21T04:00:00.000000Z,97.952,98.366,97.9485,98.352,37654
2013-10-22T04:00:00.000000Z,98.35,98.485,97.5375,97.5545,58068
2013-10-23T04:00:00.000000Z,97.554,97.5545,97.159,97.307,68418
2013-10-24T04:00:00.000000Z,97.304,97.6185,97.1925,97.2355,51944
2013-10-25T04:00:00.000000Z,97.2355,97.492,96.941,97.408,41774
2013-10-27T04:00:00.000000Z,97.7555,97.7675,97.446,97.6185,13172
2013-10-28T04:00:00.000000Z,97.6185,97.7905,97.463,97.5035,40002
2013-10-29T04:00:00.000000Z,97.503,98.279,97.4735,98.174,49681
2013-10-30T04:00:00.000000Z,98.175,98.679,98.054,98.4915,59153
2013-10-31T04:00:00.000000Z,98.4915,98.5095,97.871,97.925,63511
2013-11-01T04:00:00.000000Z,97.9245,98.851,97.8075,98.6675,45003
2013-11-03T04:00:00.000000Z,98.812,98.847,98.662,98.7445,9737
2013-11-04T05:00:00.000000Z,98.745,98.756,98.24,98.4355,36867
2013-11-05T05:00:00.000000Z,98.437,98.7575,98.1675,98.6595,51760
2013-11-06T05:00:00.000000Z,98.6625,98.7495,98.4745,98.6315,41936
2013-11-07T05:00:00.000000Z,98.631,99.413,97.611,98.144,94972
2013-11-08T05:00:00.000000Z,98.1445,99.221,97.976,99.049,61831
2013-11-10T05:00:00.000000Z,99.2185,99.2345,98.9425,98.998,14030
2013-11-11T05:00:00.000000Z,98.9985,99.5945,98.926,99.5435,36977
2013-11-12T05:00:00.000000Z,99.543,99.8005,99.428,99.477,56640
2013-11-13T05:00:00.000000Z,99.48,99.7295,99.103,99.655,69416
2013-11-14T05:00:00.000000Z,99.657,100.3075,99.5605,100.208,69712
2013-11-15T05:00:00.000000Z,100.207,100.435,99.94,100.1805,38135
2013-11-17T05:00:00.000000Z,100.267,100.393,100.058,100.0905,14684
2013-11-18T05:00:00.000000Z,100.092,100.2035,99.57,99.7725,55972
2013-11-19T05:00:00.000000Z,99.772,100.2575,99.661,100.0395,60499
2013-11-20T05:00:00.000000Z,100.0385,100.5195,99.787,100.416,79578
2013-11-21T05:00:00.000000Z,100.415,101.355,100.407,101.1185,71844
2013-11-22T05:00:00.000000Z,101.1155,101.3525,100.957,101.2785,38351
2013-11-24T05:00:00.000000Z,101.305,101.851,101.1395,101.8235,21777
2013-11-25T05:00:00.000000Z,101.8235,101.9185,101.334,101.432,55089
2013-11-26T05:00:00.000000Z,101.4325,101.6535,101.1495,101.579,53926
2013-11-27T05:00:00.000000Z,101.5795,102.279,101.437,102.021,60091
2013-11-28T05:00:00.000000Z,102.021,102.614,102.018,102.287,50462
2013-11-29T05:00:00.000000Z,102.2875,102.4895,102.1195,102.4465,39219
2013-12-01T05:00:00.000000Z,102.5125,102.5945,102.2255,102.3855,15219
2013-12-02T05:00:00.000000Z,102.386,103.379,102.354,103.2935,61542
2013-12-03T05:00:00.000000Z,103.2955,103.351,101.9765,102.5365,85122
2013-12-04T05:00:00.000000Z,102.537,102.841,101.819,102.2,89713
2013-12-05T05:00:00.000000Z,102.2015,102.3335,101.625,101.937,86535
2013-12-06T05:00:00.000000Z,101.939,102.963,101.936,102.912,63931
2013-12-08T05:00:00.000000Z,103.0245,103.223,102.889,103.0075,20846
2013-12-09T05:00:00.000000Z,103.007,103.3925,102.946,103.25,54649
2013-12-10T05:00:00.000000Z,103.251,103.3915,102.573,102.745,65938
2013-12-11T05:00:00.000000Z,102.7465,102.8095,102.153,102.5625,71408
2013-12-12T05:00:00.000000Z,102.5645,103.8685,102.534,103.82,81906
2013-12-13T05:00:00.000000Z,103.82,103.923,102.9905,103.2555,54599
2013-12-15T05:00:00.000000Z,103.2945,103.2945,102.6465,102.845,23104
2013-12-16T05:00:00.000000Z,102.8465,103.16,102.694,102.984,54028
2013-12-17T05:00:00.000000Z,102.9845,103.037,102.502,102.9375,59808
2013-12-18T05:00:00.000000Z,102.938,104.3675,102.695,104.0055,106571
2013-12-19T05:00:00.000000Z,104.0045,104.4715,103.849,104.4635,69135
2013-12-20T05:00:00.000000Z,104.463,104.6375,103.8605,104.08,53184
2013-12-22T05:00:00.000000Z,103.9865,104.077,103.9755,104.0285,5433
2013-12-23T05:00:00.000000Z,104.0255,104.4115,103.773,104.3595,41555
2013-12-24T05:00:00.000000Z,104.3615,104.377,104.143,104.243,18885
2013-12-25T05:00:00.000000Z,104.3765,104.844,104.363,104.713,23004
2013-12-26T05:00:00.000000Z,104.7105,105.034,104.6865,104.754,54075
2013-12-27T05:00:00.000000Z,104.753,105.186,104.6475,105.1605,41693
2013-12-29T05:00:00.000000Z,105.194,105.415,105.1665,105.297,16104
2013-12-30T05:00:00.000000Z,105.2975,105.4015,104.8655,104.9925,38897
2013-12-31T05:00:00.000000Z,104.9905,105.303,104.899,105.257,22300
2014-01-01T05:00:00.000000Z,105.2455,105.3995,105.238,105.2945,13880
2014-01-02T05:00:00.000000Z,105.2945,105.4425,104.1575,104.2135,81808
2014-01-03T05:00:00.000000Z,104.214,104.8905,104.0765,104.851,45386
2014-01-05T05:00:00.000000Z,104.8235,104.952,104.151,104.377,24263
2014-01-06T05:00:00.000000Z,104.3755,104.8405,103.9135,104.4645,75728
2014-01-07T05:00:00.000000Z,104.464,104.9655,104.2505,104.9545,64750
2014-01-08T05:00:00.000000Z,104.9535,105.1245,104.6635,104.873,72631
2014-01-09T05:00:00.000000Z,104.8715,105.06,104.5745,104.924,58601
2014-01-10T05:00:00.000000Z,104.923,105.342,103.83,104.178,67145
2014-01-12T05:00:00.000000Z,103.99,104.137,103.2585,103.4025,21495
2014-01-13T05:00:00.000000Z,103.4015,103.574,102.857,103.284,76848
2014-01-14T05:00:00.000000Z,103.286,104.4735,103.2365,104.426,68406
2014-01-15T05:00:00.000000Z,104.429,104.924,104.2165,104.7245,58299
2014-01-16T05:00:00.000000Z,104.7255,104.798,104.1515,104.3985,55818
2014-01-17T05:00:00.000000Z,104.3975,104.475,104.2075,104.332,33768
2014-01-19T05:00:00.000000Z,104.2235,104.3195,103.8635,104.0695,19069
2014-01-20T05:00:00.000000Z,104.068,104.6955,103.919,104.646,40690
2014-01-21T05:00:00.000000Z,104.6485,104.75,103.9715,104.2025,62144
2014-01-22T05:00:00.000000Z,104.2025,104.8425,104.2,104.3035,60001
2014-01-23T05:00:00.000000Z,104.304,104.447,102.974,103.2385,93443
2014-01-24T05:00:00.000000Z,103.2415,103.5525,102,102.381,98537
2014-01-26T05:00:00.000000Z,102.2475,102.544,101.7665,102.477,33387
2014-01-27T05:00:00.000000Z,102.478,102.9325,102.196,102.684,97094
2014-01-28T05:00:00.000000Z,102.687,103.4445,102.581,103.25,76325
2014-01-29T05:00:00.000000Z,103.2495,103.366,101.843,102.473,123596
2014-01-30T05:00:00.000000Z,102.476,102.936,102.1275,102.4115,82442
2014-01-31T05:00:00.000000Z,102.4135,102.7715,101.9525,102.017,73227
2014-02-02T05:00:00.000000Z,102.007,102.4145,101.96,102.3465,21647
2014-02-03T05:00:00.000000Z,102.3445,102.3575,100.778,101.2715,117737
2014-02-04T05:00:00.000000Z,101.272,101.767,100.7545,101.439,100285
2014-02-05T05:00:00.000000Z,101.437,101.662,100.8035,101.5985,100439
2014-02-06T05:00:00.000000Z,101.6,102.174,101.243,102.049,79340
2014-02-07T05:00:00.000000Z,102.051,102.58,101.428,102.374,76018
2014-02-09T05:00:00.000000Z,102.543,102.651,102.322,102.437,15321
2014-02-10T05:00:00.000000Z,102.434,102.4665,101.9925,102.19,44211
2014-02-11T05:00:00.000000Z,102.1905,102.7005,102.1445,102.562,61328
2014-02-12T05:00:00.000000Z,102.561,102.6365,102.09,102.137,55913
2014-02-13T05:00:00.000000Z,102.136,102.411,101.6545,101.8355,74995
2014-02-14T05:00:00.000000Z,101.8325,101.9895,101.569,101.806,42728
2014-02-16T05:00:00.000000Z,101.6455,101.8225,101.3905,101.5985,19400
2014-02-17T05:00:00.000000Z,101.601,102.615,101.5615,102.532,45896
2014-02-18T05:00:00.000000Z,102.529,102.7435,102.136,102.2505,56032
2014-02-19T05:00:00.000000Z,102.2485,102.467,101.8515,101.9475,66948
2014-02-20T05:00:00.000000Z,101.947,102.544,101.6655,102.4965,63734
2014-02-21T05:00:00.000000Z,102.4965,102.8315,102.3445,102.4775,39820
2014-02-23T05:00:00.000000Z,102.4735,102.679,102.167,102.2485,16234
2014-02-24T05:00:00.000000Z,102.2465,102.624,102.1995,102.555,44119
2014-02-25T05:00:00.000000Z,102.557,102.564,102.011,102.3185,52952
2014-02-26T05:00:00.000000Z,102.3195,102.611,102.104,102.34,52800
2014-02-27T05:00:00.000000Z,102.341,102.3985,101.559,101.609,56547
2014-02-28T05:00:00.000000Z,101.6085,102.296,101.556,101.783,49781
2014-03-02T05:00:00.000000Z,101.491,101.688,101.2565,101.427,19183
2014-03-03T05:00:00.000000Z,101.4255,101.7365,101.201,101.6645,54826
2014-03-04T05:00:00.000000Z,101.6645,102.291,101.633,102.239,53490
2014-03-05T05:00:00.000000Z,102.24,102.7575,102.117,102.713,53721
2014-03-06T05:00:00.000000Z,102.715,103.1695,102.609,102.984,51810
2014-03-07T05:00:00.000000Z,102.984,103.7635,102.838,103.245,47098
2014-03-09T05:00:00.000000Z,103.039,103.297,102.982,103.1155,14486
2014-03-10T04:00:00.000000Z,103.1155,103.4275,102.9355,103.284,44481
2014-03-11T04:00:00.000000Z,103.284,103.3595,102.7815,103.0295,49632
2014-03-12T04:00:00.000000Z,103.0285,103.0615,102.554,102.729,50029
2014-03-13T04:00:00.000000Z,102.7295,102.82,101.541,101.686,75614
2014-03-14T04:00:00.000000Z,101.686,101.8085,101.2085,101.3605,56941
2014-03-16T04:00:00.000000Z,101.28,101.563,101.2695,101.5265,13353
2014-03-17T04:00:00.000000Z,101.5265,101.9405,101.432,101.7795,49599
2014-03-18T04:00:00.000000Z,101.7795,101.8635,101.2755,101.3685,55213
2014-03-19T04:00:00.000000Z,101.3695,102.6845,101.3525,102.333,69898
2014-03-20T04:00:00.000000Z,102.3315,102.5485,102.211,102.341,43749
2014-03-21T04:00:00.000000Z,102.343,102.4085,102.016,102.254,31826
2014-03-23T04:00:00.000000Z,102.1505,102.5735,102.1085,102.4535,13418
2014-03-24T04:00:00.000000Z,102.4535,102.6475,102.1295,102.289,46491
2014-03-25T04:00:00.000000Z,102.289,102.488,102.0965,102.2885,45339
2014-03-26T04:00:00.000000Z,102.2895,102.476,101.7225,102.026,49367
2014-03-27T04:00:00.000000Z,102.027,102.4325,101.993,102.1555,55485
2014-03-28T04:00:00.000000Z,102.1545,102.9795,102.0805,102.819,34900
2014-03-30T04:00:00.000000Z,102.9625,102.9695,102.8085,102.881,9863
2014-03-31T04:00:00.000000Z,102.8835,103.4375,102.7965,103.2575,49349
2014-04-01T04:00:00.000000Z,103.2545,103.94,103.207,103.8455,45486
2014-04-02T04:00:00.000000Z,103.848,104.073,103.588,103.983,45051
2014-04-03T04:00:00.000000Z,103.985,104.117,103.8165,103.91,42052
2014-04-04T04:00:00.000000Z,103.912,104.1295,103.1995,103.294,54912
2014-04-06T04:00:00.000000Z,103.2805,103.392,103.173,103.2535,9344
2014-04-07T04:00:00.000000Z,103.2535,103.308,102.7405,102.9585,53279
2014-04-08T04:00:00.000000Z,102.9615,102.9935,101.55,101.95,80569
2014-04-09T04:00:00.000000Z,101.9495,102.161,101.7215,101.8045,58483
2014-04-10T04:00:00.000000Z,101.805,101.975,101.3265,101.633,77458
2014-04-11T04:00:00.000000Z,101.6325,101.874,101.3715,101.6155,57366
2014-04-13T04:00:00.000000Z,101.6285,101.6445,101.419,101.565,13056
2014-04-14T04:00:00.000000Z,101.564,102.012,101.523,101.88,51359
2014-04-15T04:00:00.000000Z,101.8785,102.258,101.5015,102.1995,71700
2014-04-16T04:00:00.000000Z,102.2015,102.37,101.865,101.9635,52756
2014-04-17T04:00:00.000000Z,101.9635,102.571,101.954,102.417,40708
2014-04-18T04:00:00.000000Z,102.416,102.4705,102.371,102.4175,6653
2014-04-20T04:00:00.000000Z,102.441,102.707,102.3915,102.599,10374
2014-04-21T04:00:00.000000Z,102.596,102.7235,102.501,102.6485,22214
2014-04-22T04:00:00.000000Z,102.647,102.6935,102.413,102.5505,38659
2014-04-23T04:00:00.000000Z,102.5495,102.637,102.171,102.299,43417
2014-04-24T04:00:00.000000Z,102.2985,102.6475,102.0865,102.363,51318
2014-04-25T04:00:00.000000Z,102.361,102.3915,101.962,102.1925,34950
2014-04-27T04:00:00.000000Z,102.189,102.204,102.0465,102.146,8203
2014-04-28T04:00:00.000000Z,102.148,102.6285,102.1245,102.49,39729
2014-04-29T04:00:00.000000Z,102.49,102.7835,102.33,102.3925,35946
2014-04-30T04:00:00.000000Z,102.394,102.6725,102.03,102.2795,51296
2014-05-01T04:00:00.000000Z,102.281,102.3875,102.16,102.3515,26631
2014-05-02T04:00:00.000000Z,102.3515,103.019,102.135,102.2235,47270
2014-05-04T04:00:00.000000Z,102.1605,102.2625,101.866,101.938,7259
2014-05-05T04:00:00.000000Z,101.9375,102.1925,101.884,102.0465,23726
2014-05-06T04:00:00.000000Z,102.0485,102.071,101.496,101.611,43890
2014-05-07T04:00:00.000000Z,101.61,102.01,101.4335,101.8425,51478
2014-05-08T04:00:00.000000Z,101.8465,101.862,101.4625,101.6875,49665
2014-05-09T04:00:00.000000Z,101.6875,101.855,101.625,101.8465,29126
2014-05-11T04:00:00.000000Z,101.883,102.0465,101.803,101.971,10415
2014-05-12T04:00:00.000000Z,101.974,102.271,101.8515,102.268,28555
2014-05-13T04:00:00.000000Z,102.268,102.3645,102.061,102.1605,36596
2014-05-14T04:00:00.000000Z,102.1605,102.1955,101.665,101.8415,40247
2014-05-15T04:00:00.000000Z,101.842,102.121,101.3145,101.4455,56757
2014-05-16T04:00:00.000000Z,101.4475,101.674,101.3655,101.5135,33182
2014-05-18T04:00:00.000000Z,101.554,101.5995,101.481,101.4925,7030
2014-05-19T04:00:00.000000Z,101.4925,101.6015,101.1015,101.553,40861
2014-05-20T04:00:00.000000Z,101.552,101.5545,101.13,101.165,36701
2014-05-21T04:00:00.000000Z,101.168,101.672,100.822,101.666,52025
2014-05-22T04:00:00.000000Z,101.663,101.857,101.475,101.767,35241
2014-05-23T04:00:00.000000Z,101.7685,102.0135,101.5955,101.9875,27973
2014-05-25T04:00:00.000000Z,101.942,102.05,101.872,101.905,5545
2014-05-26T04:00:00.000000Z,101.9045,101.992,101.8415,101.9705,15786
2014-05-27T04:00:00.000000Z,101.9705,102.1425,101.7255,101.9435,30650
2014-05-28T04:00:00.000000Z,101.944,101.9835,101.6385,101.702,31901
2014-05-29T04:00:00.000000Z,101.7025,101.7965,101.4285,101.566,35992
2014-05-30T04:00:00.000000Z,101.5655,101.8475,101.5475,101.729,25030
2014-06-01T04:00:00.000000Z,101.868,102.087,101.753,102.016,8425
2014-06-02T04:00:00.000000Z,102.0155,102.485,101.9355,102.402,35537
2014-06-03T04:00:00.000000Z,102.4025,102.796,102.2715,102.753,30583
2014-06-04T04:00:00.000000Z,102.7525,102.762,102.4415,102.542,33296
2014-06-05T04:00:00.000000Z,102.5415,102.7355,102.2585,102.3325,46414
2014-06-06T04:00:00.000000Z,102.332,102.6125,102.113,102.4775,35954
2014-06-08T04:00:00.000000Z,102.512,102.6495,102.4915,102.5425,6412
2014-06-09T04:00:00.000000Z,102.542,102.596,102.3285,102.3385,23352
2014-06-10T04:00:00.000000Z,102.3385,102.4205,102.216,102.2695,29724
2014-06-11T04:00:00.000000Z,102.267,102.3665,101.8595,102.0975,32067
2014-06-12T04:00:00.000000Z,102.097,102.1425,101.605,101.859,35000
2014-06-13T04:00:00.000000Z,101.859,102.138,101.817,102.0265,27980
2014-06-15T04:00:00.000000Z,102.0455,102.0825,101.7535,101.7645,5810
2014-06-16T04:00:00.000000Z,101.765,102.0705,101.7225,101.973,26131
2014-06-17T04:00:00.000000Z,101.9725,102.2425,101.905,102.192,25897
2014-06-18T04:00:00.000000Z,102.1925,102.386,101.8675,101.9305,36690
2014-06-19T04:00:00.000000Z,101.93,102.002,101.742,101.8395,25895
2014-06-20T04:00:00.000000Z,101.84,102.196,101.8205,102.077,16838
2014-06-22T04:00:00.000000Z,102.1085,102.137,101.924,101.9515,5013
2014-06-23T04:00:00.000000Z,101.951,101.9605,101.8185,101.905,20121
2014-06-24T04:00:00.000000Z,101.905,102.1675,101.845,101.914,24437
2014-06-25T04:00:00.000000Z,101.9135,101.953,101.6245,101.7445,25689
2014-06-26T04:00:00.000000Z,101.7415,101.8165,101.316,101.3385,28706
2014-06-27T04:00:00.000000Z,101.341,101.484,101.327,101.443,18295
2014-06-29T04:00:00.000000Z,101.4115,101.4755,101.266,101.3135,5396
2014-06-30T04:00:00.000000Z,101.313,101.531,101.238,101.4805,23527
2014-07-01T04:00:00.000000Z,101.4785,101.6515,101.393,101.6135,24899
2014-07-02T04:00:00.000000Z,101.613,101.9435,101.412,101.861,25909
2014-07-03T04:00:00.000000Z,101.861,102.268,101.8175,102.118,28971
2014-07-04T04:00:00.000000Z,102.118,102.126,101.973,102.076,9048
2014-07-06T04:00:00.000000Z,102.0655,102.2015,102.056,102.1445,4046
2014-07-07T04:00:00.000000Z,102.1445,102.146,101.687,101.835,19569
2014-07-08T04:00:00.000000Z,101.835,101.861,101.4455,101.6335,21221
2014-07-09T04:00:00.000000Z,101.633,101.862,101.499,101.5275,22421
2014-07-10T04:00:00.000000Z,101.527,101.5695,101.065,101.2735,31890
2014-07-11T04:00:00.000000Z,101.272,101.4015,101.218,101.324,16310
2014-07-13T04:00:00.000000Z,101.3815,101.4135,101.3335,101.3735,3720
2014-07-14T04:00:00.000000Z,101.3735,101.6455,101.3735,101.5965,16664
2014-07-15T04:00:00.000000Z,101.597,101.765,101.4355,101.7375,25535
2014-07-16T04:00:00.000000Z,101.7375,101.7915,101.517,101.54,17636
2014-07-17T04:00:00.000000Z,101.5405,101.585,101.089,101.311,31960
2014-07-18T04:00:00.000000Z,101.3105,101.4505,101.2815,101.3285,18215
2014-07-20T04:00:00.000000Z,101.334,101.3825,101.228,101.232,2905
2014-07-21T04:00:00.000000Z,101.2335,101.5135,101.199,101.483,17341
2014-07-22T04:00:00.000000Z,101.481,101.6045,101.334,101.4055,21414
2014-07-23T04:00:00.000000Z,101.4045,101.587,101.3165,101.5185,16912
2014-07-24T04:00:00.000000Z,101.517,101.8605,101.4185,101.7555,21773
2014-07-25T04:00:00.000000Z,101.7585,101.939,101.7155,101.8325,16611
2014-07-27T04:00:00.000000Z,101.795,101.836,101.751,101.809,4529
2014-07-28T04:00:00.000000Z,101.8065,101.9785,101.7585,101.9675,17236
2014-07-29T04:00:00.000000Z,101.966,102.1605,101.858,102.098,24042
2014-07-30T04:00:00.000000Z,102.0985,103.0925,102.084,102.77,35649
2014-07-31T04:00:00.000000Z,102.7705,103.006,102.7265,102.8975,28561
2014-08-01T04:00:00.000000Z,102.898,103.064,102.3375,102.6105,32422
2014-08-03T04:00:00.000000Z,102.5585,102.692,102.482,102.641,1903
2014-08-04T04:00:00.000000Z,102.643,102.7295,102.407,102.589,17025
2014-08-05T04:00:00.000000Z,102.5895,102.926,102.4635,102.5615,24795
2014-08-06T04:00:00.000000Z,102.5605,102.611,101.7845,102.1775,35210
2014-08-07T04:00:00.000000Z,102.1755,102.461,101.6,101.782,39892
2014-08-08T04:00:00.000000Z,101.7815,102.0815,101.5085,102.024,29536
2014-08-10T04:00:00.000000Z,102.182,102.194,102.0545,102.1435,2574
2014-08-11T04:00:00.000000Z,102.146,102.3635,102.0235,102.289,6772
2014-08-12T04:00:00.000000Z,102.284,102.366,102.0905,102.3055,7929
2014-08-13T04:00:00.000000Z,102.3095,102.6595,102.2325,102.5875,8923
2014-08-14T04:00:00.000000Z,102.592,102.6245,102.312,102.516,7771
2014-08-15T04:00:00.000000Z,102.5205,102.7185,102.1365,102.357,13635
2014-08-17T04:00:00.000000Z,102.329,102.444,102.2475,102.31,1909
2014-08-18T04:00:00.000000Z,102.3055,102.6515,102.3045,102.6045,5560
2014-08-19T04:00:00.000000Z,102.6,103.229,102.52,103.186,8439
2014-08-20T04:00:00.000000Z,103.1905,103.9645,103.1085,103.8995,14963
2014-08-21T04:00:00.000000Z,103.904,103.9535,103.5985,103.76,9417
2014-08-22T04:00:00.000000Z,103.7555,104.198,103.504,103.9455,16835
2014-08-24T04:00:00.000000Z,104.2745,104.276,104.1265,104.2245,3236
2014-08-25T04:00:00.000000Z,104.2205,104.2495,103.7475,103.8625,8916
2014-08-26T04:00:00.000000Z,103.8585,104.176,103.8265,103.9645,9236
2014-08-27T04:00:00.000000Z,103.969,104.075,103.6985,103.7585,8992
2014-08-28T04:00:00.000000Z,103.7625,103.9035,103.556,103.8,11175
2014-08-29T04:00:00.000000Z,103.7955,104.1195,103.759,104.08,7273
2014-08-31T04:00:00.000000Z,104.1825,104.214,104.1195,104.1785,1249
2014-09-01T04:00:00.000000Z,104.1755,104.8555,104.1005,104.8045,4982
2014-09-02T04:00:00.000000Z,104.8095,105.3115,104.7615,105.2855,11173
2014-09-03T04:00:00.000000Z,105.2825,105.2855,104.7415,104.8205,12961
2014-09-04T04:00:00.000000Z,104.8155,105.7075,104.779,105.3445,19727
2014-09-05T04:00:00.000000Z,105.3395,105.3735,104.684,105.0835,14811
2014-09-07T04:00:00.000000Z,104.995,105.232,104.99,105.0605,3185
2014-09-08T04:00:00.000000Z,105.0575,106.3425,105.0425,106.2255,15904
2014-09-09T04:00:00.000000Z,106.2205,106.4765,106.038,106.3385,17816
2014-09-10T04:00:00.000000Z,106.344,106.8865,106.312,106.7615,21401
2014-09-11T04:00:00.000000Z,106.7565,107.3895,106.649,107.3445,24462
2014-09-12T04:00:00.000000Z,107.3475,107.3965,107.0945,107.3525,13576
2014-09-14T04:00:00.000000Z,107.2055,107.3655,107.1595,107.175,2208
2014-09-15T04:00:00.000000Z,107.171,107.3555,106.9275,107.1345,12549
2014-09-16T04:00:00.000000Z,107.1375,107.3335,106.8105,107.1985,17384
2014-09-17T04:00:00.000000Z,107.2025,108.6825,107.1405,108.6525,41176
2014-09-18T04:00:00.000000Z,108.6495,109.466,108.504,109.2255,31613
2014-09-19T04:00:00.000000Z,109.2305,109.277,108.594,109.0375,21406
2014-09-21T04:00:00.000000Z,109.04,109.1965,108.6675,108.789,6177
2014-09-22T04:00:00.000000Z,108.7845,109.1965,108.6015,108.7715,18015
2014-09-23T04:00:00.000000Z,108.776,108.9935,108.251,108.5985,26779
2014-09-24T04:00:00.000000Z,108.594,109.345,108.491,109.132,23769
2014-09-25T04:00:00.000000Z,109.128,109.3765,108.48,108.9165,37762
2014-09-26T04:00:00.000000Z,108.9225,109.5415,108.8495,109.2885,22687
2014-09-28T04:00:00.000000Z,109.304,109.5175,109.26,109.401,9249
2014-09-29T04:00:00.000000Z,109.398,109.7445,109.1245,109.3085,29819
2014-09-30T04:00:00.000000Z,109.3135,110.094,109.2235,109.888,32991
2014-10-01T04:00:00.000000Z,109.8935,109.9965,108.545,108.658,47154
2014-10-02T04:00:00.000000Z,108.6635,108.9585,108.008,108.804,61676
2014-10-03T04:00:00.000000Z,108.808,109.907,108.661,109.7635,31511
2014-10-05T04:00:00.000000Z,109.7175,109.909,109.5425,109.6045,5166
2014-10-06T04:00:00.000000Z,109.607,109.657,108.65,109.107,39071
2014-10-07T04:00:00.000000Z,109.1125,109.146,107.75,108.3665,60301
2014-10-08T04:00:00.000000Z,108.3625,108.745,107.828,107.933,62505
2014-10-09T04:00:00.000000Z,107.9305,108.187,107.528,107.798,59778
2014-10-10T04:00:00.000000Z,107.7935,108.1575,107.6195,107.651,42997
2014-10-12T04:00:00.000000Z,107.549,107.631,107.062,107.154,9373
2014-10-13T04:00:00.000000Z,107.1495,107.576,106.76,107.2245,38894
2014-10-14T04:00:00.000000Z,107.2195,107.4135,106.671,107.1985,50179
2014-10-15T04:00:00.000000Z,107.203,107.5005,105.192,106.0865,118941
2014-10-16T04:00:00.000000Z,106.091,106.502,105.508,106.164,94811
2014-10-17T04:00:00.000000Z,106.1595,106.944,106.143,106.8875,43369
2014-10-19T04:00:00.000000Z,107.216,107.395,106.9975,107.374,9529
2014-10-20T04:00:00.000000Z,107.378,107.384,106.526,106.5815,39746
2014-10-21T04:00:00.000000Z,106.5775,107.1195,106.253,106.9115,38270
2014-10-22T04:00:00.000000Z,106.907,107.378,106.789,107.331,30488
2014-10-23T04:00:00.000000Z,107.3265,108.356,107.13,107.9875,36887
2014-10-24T04:00:00.000000Z,107.99,108.2795,107.7845,108.1595,25410
2014-10-26T04:00:00.000000Z,108.376,108.39,107.8625,108.004,7300
2014-10-27T04:00:00.000000Z,108.009,108.0895,107.6075,107.8105,32948
2014-10-28T04:00:00.000000Z,107.805,108.233,107.694,108.166,29557
2014-10-29T04:00:00.000000Z,108.17,109.1165,107.943,109.0475,39005
2014-10-30T04:00:00.000000Z,109.0485,109.47,108.8,109.3995,45160
2014-10-31T04:00:00.000000Z,109.394,112.4745,109.334,112.327,85264
2014-11-02T04:00:00.000000Z,112.731,113.007,112.6495,112.7345,18445
2014-11-03T05:00:00.000000Z,112.739,114.214,112.5715,113.5055,61766
2014-11-04T05:00:00.000000Z,113.51,114.125,113.17,114.0185,55663
2014-11-05T05:00:00.000000Z,114.018,115.519,113.925,114.398,79990
2014-11-06T05:00:00.000000Z,114.3975,115.461,114.059,115.4485,74187
2014-11-07T05:00:00.000000Z,115.449,115.6265,114.2575,114.5955,66866
2014-11-09T05:00:00.000000Z,114.5065,114.568,114.043,114.1535,16969
2014-11-10T05:00:00.000000Z,114.1545,115.3075,113.8615,115.2725,44953
2014-11-11T05:00:00.000000Z,115.2705,116.1025,115.029,115.613,41927
2014-11-12T05:00:00.000000Z,115.615,115.883,114.8835,115.6765,40543
2014-11-13T05:00:00.000000Z,115.6805,116.198,115.3145,116.0615,33324
2014-11-14T05:00:00.000000Z,116.065,116.824,116.0185,116.275,29825
2014-11-16T05:00:00.000000Z,116.4705,117.0545,115.4595,115.798,21361
2014-11-17T05:00:00.000000Z,115.796,116.7855,115.462,116.5815,30865
2014-11-18T05:00:00.000000Z,116.585,117.418,116.3415,117.334,36850
2014-11-19T05:00:00.000000Z,117.331,118.5415,117.231,118.4705,38070
2014-11-20T05:00:00.000000Z,118.474,118.9785,117.359,117.812,53448
2014-11-21T05:00:00.000000Z,117.811,118.122,117.386,117.866,31361
2014-11-23T05:00:00.000000Z,117.91,117.949,117.58,117.9045,6240
2014-11-24T05:00:00.000000Z,117.9015,118.5805,117.787,117.96,28789
2014-11-25T05:00:00.000000Z,117.9585,118.292,117.661,117.818,27838
2014-11-26T05:00:00.000000Z,117.8195,117.903,117.27,117.307,26237
2014-11-27T05:00:00.000000Z,117.3105,118.3375,117.236,118.287,21864
2014-11-28T05:00:00.000000Z,118.291,118.771,118.076,118.617,14259
2014-11-30T05:00:00.000000Z,118.7525,119.0245,118.7195,118.8835,8784
2014-12-01T05:00:00.000000Z,118.883,119.1455,117.8675,118.4605,39874
2014-12-02T05:00:00.000000Z,118.4575,119.4395,118.3805,119.2305,24612
2014-12-03T05:00:00.000000Z,119.227,119.9485,119.13,119.901,24083
2014-12-04T05:00:00.000000Z,119.8995,120.2525,119.3405,120.059,34200
2014-12-05T05:00:00.000000Z,120.0615,121.6875,119.9845,121.4725,32378
2014-12-07T05:00:00.000000Z,121.581,121.8495,121.3385,121.536,10160
2014-12-08T05:00:00.000000Z,121.5365,121.551,120.06,120.182,36362
2014-12-09T05:00:00.000000Z,120.1815,120.282,117.9345,118.8705,71767
2014-12-10T05:00:00.000000Z,118.868,119.46,117.437,118.198,66982
2014-12-11T05:00:00.000000Z,118.2015,119.5575,117.908,118.6625,54268
2014-12-12T05:00:00.000000Z,118.666,119.0845,118.0535,118.8115,43916
2014-12-14T05:00:00.000000Z,118.678,119.0615,117.7785,118.687,27909
2014-12-15T05:00:00.000000Z,118.684,118.9795,117.293,117.4635,63405
2014-12-16T05:00:00.000000Z,117.4675,117.7665,115.57,116.889,107781
2014-12-17T05:00:00.000000Z,116.8925,119.008,116.8205,118.489,76165
2014-12-18T05:00:00.000000Z,118.489,119.3675,118.259,119.189,50143
2014-12-19T05:00:00.000000Z,119.189,119.625,118.837,119.5135,30234
2014-12-21T05:00:00.000000Z,119.536,119.5755,119.313,119.529,8279
2014-12-22T05:00:00.000000Z,119.524,120.1835,119.4645,120.136,17306
2014-12-23T05:00:00.000000Z,120.139,120.8265,120.0535,120.3835,21166
2014-12-24T05:00:00.000000Z,120.384,120.5325,120.279,120.46,8026
2014-12-25T05:00:00.000000Z,120.115,120.423,120.09,120.1915,11338
2014-12-26T05:00:00.000000Z,120.191,120.4615,120.177,120.382,7564
2014-12-28T05:00:00.000000Z,120.369,120.6025,120.226,120.238,6431
2014-12-29T05:00:00.000000Z,120.2345,120.737,120.17,120.4455,17999
2014-12-30T05:00:00.000000Z,120.442,120.4855,118.8645,119.5315,27365
2014-12-31T05:00:00.000000Z,119.5335,119.94,119.296,119.8845,10628
2015-01-01T05:00:00.000000Z,119.746,120.476,119.7265,120.4395,4353
2015-01-02T05:00:00.000000Z,120.4365,120.7415,119.8085,120.4945,19737
2015-01-04T05:00:00.000000Z,120.509,120.647,119.9845,120.5465,10745
2015-01-05T05:00:00.000000Z,120.5445,120.6075,119.0895,119.2405,40547
2015-01-06T05:00:00.000000Z,119.2385,119.3925,118.0535,119.0455,61384
2015-01-07T05:00:00.000000Z,119.049,119.822,118.698,119.7445,50688
2015-01-08T05:00:00.000000Z,119.74,119.9625,119.2735,119.347,35067
2015-01-09T05:00:00.000000Z,119.351,119.773,118.42,118.543,45008
2015-01-11T05:00:00.000000Z,118.343,118.5045,118.1265,118.2735,6316
2015-01-12T05:00:00.000000Z,118.2695,119.319,117.7385,118.367,49239
2015-01-13T05:00:00.000000Z,118.3635,118.8515,117.2495,117.269,60013
2015-01-14T05:00:00.000000Z,117.269,117.8385,116.071,117.6965,68133
2015-01-15T05:00:00.000000Z,117.697,117.9445,115.855,116.4225,132975
2015-01-16T05:00:00.000000Z,116.4185,117.771,116.2625,117.624,57693
2015-01-18T05:00:00.000000Z,117.47,117.6655,116.922,117.0925,12887
2015-01-19T05:00:00.000000Z,117.0925,118.3135,117.023,118.244,30551
2015-01-20T05:00:00.000000Z,118.244,118.87,117.6625,117.8395,55009
2015-01-21T05:00:00.000000Z,117.8345,118.3385,117.181,118.11,53987
2015-01-22T05:00:00.000000Z,118.114,118.8165,117.2505,118.6105,63366
2015-01-23T05:00:00.000000Z,118.61,118.7125,117.54,117.7995,43284
2015-01-25T05:00:00.000000Z,117.5155,117.8325,117.2645,117.622,15327
2015-01-26T05:00:00.000000Z,117.627,118.6595,117.571,118.305,34830
2015-01-27T05:00:00.000000Z,118.302,118.324,117.3395,118.1015,48474
2015-01-28T05:00:00.000000Z,118.105,118.227,117.2525,117.8905,53832
2015-01-29T05:00:00.000000Z,117.891,118.4885,117.586,118.019,47627
2015-01-30T05:00:00.000000Z,118.016,118.027,117.2995,117.535,38421
2015-02-01T05:00:00.000000Z,116.9735,117.881,116.9395,117.7065,14626
2015-02-02T05:00:00.000000Z,117.71,117.8495,116.874,117.057,43446
2015-02-03T05:00:00.000000Z,117.0535,118.0005,116.9065,117.7325,42422
2015-02-04T05:00:00.000000Z,117.7335,117.771,117.025,117.3005,43719
2015-02-05T05:00:00.000000Z,117.3025,117.5995,117.077,117.544,20045
