2015-01-26T21:35:00.000000Z,1.123485,1.12356,1.123365,1.1234,92
2015-01-26T21:40:00.000000Z,1.123395,1.12381,1.12335,1.12378,89
2015-01-26T21:45:00.000000Z,1.12378,1.12399,1.123715,1.123805,77
2015-01-26T21:50:00.000000Z,1.1238,1.1239,1.12359,1.12366,70
2015-01-26T21:55:00.000000Z,1.123715,1.12408,1.123625,1.12378,133
2015-01-26T22:00:00.000000Z,1.124075,1.1244,1.12363,1.123895,245
2015-01-26T22:05:00.000000Z,1.123785,1.12419,1.12375,1.124025,120
2015-01-26T22:10:00.000000Z,1.12401,1.124365,1.124005,1.124365,78
2015-01-26T22:15:00.000000Z,1.124365,1.12454,1.12371,1.12392,114
2015-01-26T22:20:00.000000Z,1.12378,1.12446,1.12378,1.124075,97
2015-01-26T22:25:00.000000Z,1.124075,1.1247,1.12407,1.12463,63
2015-01-26T22:30:00.000000Z,1.12462,1.124645,1.12425,1.124375,157
2015-01-26T22:35:00.000000Z,1.12439,1.12441,1.12376,1.123865,154
2015-01-26T22:40:00.000000Z,1.123915,1.12397,1.123835,1.123845,69
2015-01-26T22:45:00.000000Z,1.12389,1.1239,1.123395,1.12373,150
2015-01-26T22:50:00.000000Z,1.123775,1.123795,1.123675,1.12375,60
2015-01-26T22:55:00.000000Z,1.123755,1.12379,1.123645,1.123655,19
2015-01-26T23:00:00.000000Z,1.12366,1.123685,1.12353,1.12364,39
2015-01-26T23:05:00.000000Z,1.12364,1.123775,1.12357,1.1236,48
2015-01-26T23:10:00.000000Z,1.123605,1.123655,1.123275,1.12336,65
2015-01-26T23:15:00.000000Z,1.123345,1.123675,1.123345,1.123665,45
2015-01-26T23:20:00.000000Z,1.123615,1.124235,1.123595,1.12377,58
2015-01-26T23:25:00.000000Z,1.123765,1.124535,1.123655,1.124345,103
2015-01-26T23:30:00.000000Z,1.1243,1.124545,1.12425,1.1244,65
2015-01-26T23:35:00.000000Z,1.124405,1.12502,1.124405,1.124915,53
2015-01-26T23:40:00.000000Z,1.124915,1.124925,1.124815,1.124905,30
2015-01-26T23:45:00.000000Z,1.124895,1.124895,1.12457,1.12457,31
2015-01-26T23:50:00.000000Z,1.124575,1.12485,1.12443,1.1245,66
2015-01-26T23:55:00.000000Z,1.12453,1.12497,1.124485,1.12497,22
2015-01-27T00:00:00.000000Z,1.125005,1.125015,1.12468,1.12482,48
2015-01-27T00:05:00.000000Z,1.124785,1.12504,1.124615,1.12504,35
2015-01-27T00:10:00.000000Z,1.12503,1.12503,1.12479,1.124915,41
2015-01-27T00:15:00.000000Z,1.124895,1.124895,1.124485,1.1246,21
2015-01-27T00:20:00.000000Z,1.12463,1.124705,1.124325,1.124425,74
2015-01-27T00:25:00.000000Z,1.12441,1.12441,1.12399,1.124105,79
2015-01-27T00:30:00.000000Z,1.124145,1.124425,1.123985,1.12418,83
2015-01-27T00:35:00.000000Z,1.124175,1.12419,1.12323,1.12339,83
2015-01-27T00:40:00.000000Z,1.12339,1.123975,1.12329,1.12392,76
2015-01-27T00:45:00.000000Z,1.123915,1.123915,1.12336,1.12338,70
2015-01-27T00:50:00.000000Z,1.123385,1.123495,1.1233,1.1234,43
2015-01-27T00:55:00.000000Z,1.12335,1.123735,1.12321,1.123525,78
2015-01-27T01:00:00.000000Z,1.12353,1.12394,1.12353,1.123705,59
2015-01-27T01:05:00.000000Z,1.12367,1.12394,1.123405,1.12392,71
2015-01-27T01:10:00.000000Z,1.12391,1.12413,1.12378,1.124045,100
2015-01-27T01:15:00.000000Z,1.124085,1.124365,1.124085,1.124345,27
2015-01-27T01:20:00.000000Z,1.124305,1.124425,1.12415,1.12439,45
2015-01-27T01:25:00.000000Z,1.12435,1.124765,1.124215,1.12462,52
2015-01-27T01:30:00.000000Z,1.124645,1.124855,1.124315,1.124485,80
2015-01-27T01:35:00.000000Z,1.124445,1.124925,1.124415,1.12476,71
2015-01-27T01:40:00.000000Z,1.124745,1.124795,1.12439,1.12443,49
2015-01-27T01:45:00.000000Z,1.124395,1.12501,1.124335,1.12501,103
2015-01-27T01:50:00.000000Z,1.125045,1.1257,1.1249,1.12545,151
2015-01-27T01:55:00.000000Z,1.125485,1.12583,1.124915,1.124915,87
2015-01-27T02:00:00.000000Z,1.12492,1.12545,1.124815,1.125315,76
2015-01-27T02:05:00.000000Z,1.12528,1.12541,1.124825,1.124845,87
2015-01-27T02:10:00.000000Z,1.12485,1.12538,1.12485,1.12527,56
2015-01-27T02:15:00.000000Z,1.125265,1.125445,1.1251,1.12511,40
2015-01-27T02:20:00.000000Z,1.12512,1.12523,1.124955,1.12515,73
2015-01-27T02:25:00.000000Z,1.12519,1.12536,1.124945,1.125115,103
2015-01-27T02:30:00.000000Z,1.125085,1.125085,1.12443,1.124435,58
2015-01-27T02:35:00.000000Z,1.124405,1.124655,1.12431,1.12452,74
2015-01-27T02:40:00.000000Z,1.124515,1.124735,1.12442,1.124565,92
2015-01-27T02:45:00.000000Z,1.12455,1.12455,1.124345,1.12443,33
2015-01-27T02:50:00.000000Z,1.1244,1.1244,1.1239,1.12411,64
2015-01-27T02:55:00.000000Z,1.12415,1.124245,1.12382,1.12414,96
2015-01-27T03:00:00.000000Z,1.12411,1.12423,1.12394,1.12412,43
2015-01-27T03:05:00.000000Z,1.12412,1.12448,1.123995,1.12444,56
2015-01-27T03:10:00.000000Z,1.12447,1.12455,1.12411,1.124115,53
2015-01-27T03:15:00.000000Z,1.124155,1.12433,1.124135,1.124135,32
2015-01-27T03:20:00.000000Z,1.12414,1.12434,1.12414,1.12434,40
2015-01-27T03:25:00.000000Z,1.12434,1.12445,1.12423,1.124345,40
2015-01-27T03:30:00.000000Z,1.124305,1.124415,1.12427,1.12431,24
2015-01-27T03:35:00.000000Z,1.12431,1.124325,1.12415,1.12415,20
2015-01-27T03:40:00.000000Z,1.124115,1.12412,1.12391,1.124035,38
2015-01-27T03:45:00.000000Z,1.124005,1.12412,1.123865,1.12389,50
2015-01-27T03:50:00.000000Z,1.12385,1.123925,1.12366,1.12373,63
2015-01-27T03:55:00.000000Z,1.123685,1.123755,1.123635,1.12365,33
2015-01-27T04:00:00.000000Z,1.12365,1.124035,1.12365,1.123955,23
2015-01-27T04:05:00.000000Z,1.123955,1.12429,1.12395,1.124095,35
2015-01-27T04:10:00.000000Z,1.1241,1.12411,1.124035,1.12404,8
2015-01-27T04:15:00.000000Z,1.124005,1.124035,1.123925,1.12393,13
2015-01-27T04:20:00.000000Z,1.123935,1.12434,1.123935,1.12427,28
2015-01-27T04:25:00.000000Z,1.12427,1.124445,1.12427,1.124375,20
2015-01-27T04:30:00.000000Z,1.12434,1.12438,1.124225,1.124225,10
2015-01-27T04:35:00.000000Z,1.124265,1.124595,1.124265,1.124585,19
2015-01-27T04:40:00.000000Z,1.12455,1.124735,1.12443,1.124735,32
2015-01-27T04:45:00.000000Z,1.124785,1.124835,1.124425,1.124425,48
2015-01-27T04:50:00.000000Z,1.12439,1.12457,1.124325,1.12457,12
2015-01-27T04:55:00.000000Z,1.1246,1.12463,1.12451,1.124535,12
2015-01-27T05:00:00.000000Z,1.12454,1.12465,1.12413,1.124185,76
2015-01-27T05:05:00.000000Z,1.124155,1.124325,1.124155,1.12422,20
2015-01-27T05:10:00.000000Z,1.12418,1.124635,1.12413,1.12423,39
2015-01-27T05:15:00.000000Z,1.12423,1.12434,1.12397,1.124075,49
2015-01-27T05:20:00.000000Z,1.12408,1.124215,1.123935,1.12396,46
2015-01-27T05:25:00.000000Z,1.123985,1.124105,1.12382,1.123995,70
2015-01-27T05:30:00.000000Z,1.124035,1.124075,1.123605,1.12395,83
2015-01-27T05:35:00.000000Z,1.123985,1.12417,1.123735,1.12395,56
2015-01-27T05:40:00.000000Z,1.123945,1.124195,1.12385,1.12416,33
2015-01-27T05:45:00.000000Z,1.124155,1.124155,1.12391,1.12403,26
2015-01-27T05:50:00.000000Z,1.124025,1.124025,1.123725,1.123855,19
2015-01-27T05:55:00.000000Z,1.12389,1.124005,1.12382,1.123845,11
2015-01-27T06:00:00.000000Z,1.123805,1.123915,1.12363,1.123915,43
2015-01-27T06:05:00.000000Z,1.123915,1.124045,1.12378,1.12399,44
2015-01-27T06:10:00.000000Z,1.123985,1.124105,1.123855,1.12393,73
2015-01-27T06:15:00.000000Z,1.1239,1.1239,1.123305,1.123455,93
2015-01-27T06:20:00.000000Z,1.123405,1.123515,1.12334,1.123465,32
2015-01-27T06:25:00.000000Z,1.12343,1.1235,1.122775,1.12293,86
2015-01-27T06:30:00.000000Z,1.122895,1.122895,1.1224,1.12263,144
2015-01-27T06:35:00.000000Z,1.122615,1.123115,1.122615,1.123065,52
2015-01-27T06:40:00.000000Z,1.123095,1.12358,1.123095,1.12322,87
2015-01-27T06:45:00.000000Z,1.12318,1.123735,1.123025,1.123455,96
2015-01-27T06:50:00.000000Z,1.12342,1.12398,1.123385,1.12382,89
2015-01-27T06:55:00.000000Z,1.12385,1.12475,1.123585,1.124445,112
2015-01-27T07:00:00.000000Z,1.124405,1.124505,1.12381,1.12381,190
2015-01-27T07:05:00.000000Z,1.123825,1.12456,1.12375,1.12432,93
2015-01-27T07:10:00.000000Z,1.12432,1.124825,1.124215,1.12459,109
2015-01-27T07:15:00.000000Z,1.124615,1.125125,1.124075,1.124205,162
2015-01-27T07:20:00.000000Z,1.124235,1.12433,1.12411,1.124125,75
2015-01-27T07:25:00.000000Z,1.124165,1.124895,1.124125,1.12481,142
2015-01-27T07:30:00.000000Z,1.124845,1.12539,1.1248,1.12535,102
2015-01-27T07:35:00.000000Z,1.125385,1.12543,1.1249,1.12504,139
2015-01-27T07:40:00.000000Z,1.125,1.12537,1.12498,1.125335,83
2015-01-27T07:45:00.000000Z,1.1253,1.125375,1.12504,1.12515,103
2015-01-27T07:50:00.000000Z,1.125145,1.12515,1.124575,1.12463,116
2015-01-27T07:55:00.000000Z,1.12467,1.125045,1.1244,1.124965,124
2015-01-27T08:00:00.000000Z,1.125,1.125335,1.12417,1.12424,162
2015-01-27T08:05:00.000000Z,1.12427,1.12752,1.12425,1.12677,321
2015-01-27T08:10:00.000000Z,1.12681,1.129055,1.12639,1.128915,610
2015-01-27T08:15:00.000000Z,1.12896,1.128965,1.127445,1.127705,441
2015-01-27T08:20:00.000000Z,1.12774,1.128475,1.127625,1.127835,325
2015-01-27T08:25:00.000000Z,1.127795,1.129105,1.127725,1.12873,314
2015-01-27T08:30:00.000000Z,1.12873,1.12873,1.127985,1.128075,205
2015-01-27T08:35:00.000000Z,1.128095,1.130135,1.128095,1.1294,605
2015-01-27T08:40:00.000000Z,1.1294,1.13217,1.12929,1.13067,918
2015-01-27T08:45:00.000000Z,1.13067,1.132355,1.13058,1.131905,619
2015-01-27T08:50:00.000000Z,1.13194,1.1327,1.13187,1.13197,428
2015-01-27T08:55:00.000000Z,1.131965,1.13455,1.13176,1.1337,787
2015-01-27T09:00:00.000000Z,1.133655,1.13402,1.131585,1.131705,665
2015-01-27T09:05:00.000000Z,1.131675,1.13183,1.130565,1.130655,500
2015-01-27T09:10:00.000000Z,1.130625,1.132295,1.130625,1.13189,401
2015-01-27T09:15:00.000000Z,1.13191,1.13245,1.13143,1.131515,324
2015-01-27T09:20:00.000000Z,1.131525,1.13167,1.13052,1.130645,284
2015-01-27T09:25:00.000000Z,1.130645,1.131405,1.130645,1.13083,322
2015-01-27T09:30:00.000000Z,1.13086,1.131375,1.13064,1.131125,327
2015-01-27T09:35:00.000000Z,1.131155,1.131375,1.130855,1.131235,176
2015-01-27T09:40:00.000000Z,1.13123,1.13288,1.131085,1.13235,308
2015-01-27T09:45:00.000000Z,1.132385,1.13294,1.131755,1.13213,252
2015-01-27T09:50:00.000000Z,1.132095,1.13278,1.131715,1.13177,291
2015-01-27T09:55:00.000000Z,1.13173,1.1324,1.131715,1.131825,198
2015-01-27T10:00:00.000000Z,1.131805,1.131805,1.13094,1.131285,252
2015-01-27T10:05:00.000000Z,1.13128,1.13154,1.131105,1.131435,210
2015-01-27T10:10:00.000000Z,1.13147,1.131535,1.130915,1.13099,161
2015-01-27T10:15:00.000000Z,1.131005,1.131185,1.13011,1.131065,231
2015-01-27T10:20:00.000000Z,1.131105,1.131285,1.129975,1.129975,298
2015-01-27T10:25:00.000000Z,1.129975,1.130205,1.128275,1.128595,465
2015-01-27T10:30:00.000000Z,1.128595,1.12926,1.128215,1.12914,344
2015-01-27T10:35:00.000000Z,1.129175,1.129585,1.128795,1.129425,251
2015-01-27T10:40:00.000000Z,1.129385,1.130415,1.12908,1.12908,514
2015-01-27T10:45:00.000000Z,1.12909,1.129405,1.12747,1.128105,439
2015-01-27T10:50:00.000000Z,1.12814,1.128915,1.1279,1.1286,328
2015-01-27T10:55:00.000000Z,1.12858,1.12865,1.12806,1.128075,246
2015-01-27T11:00:00.000000Z,1.128075,1.1286,1.12726,1.127265,304
2015-01-27T11:05:00.000000Z,1.12723,1.12781,1.12705,1.127805,247
2015-01-27T11:10:00.000000Z,1.1278,1.128535,1.12727,1.128275,283
2015-01-27T11:15:00.000000Z,1.12824,1.12824,1.12762,1.127865,167
2015-01-27T11:20:00.000000Z,1.127865,1.12795,1.127175,1.12718,122
2015-01-27T11:25:00.000000Z,1.12719,1.1278,1.12708,1.12766,144
2015-01-27T11:30:00.000000Z,1.12763,1.12788,1.12708,1.127255,109
2015-01-27T11:35:00.000000Z,1.12729,1.12743,1.12708,1.12708,105
2015-01-27T11:40:00.000000Z,1.127045,1.127185,1.12612,1.1265,267
2015-01-27T11:45:00.000000Z,1.126505,1.12719,1.126505,1.12716,154
2015-01-27T11:50:00.000000Z,1.12719,1.12804,1.12719,1.12801,230
2015-01-27T11:55:00.000000Z,1.128005,1.12825,1.12736,1.12743,161
2015-01-27T12:00:00.000000Z,1.127435,1.128175,1.127435,1.12809,236
2015-01-27T12:05:00.000000Z,1.128085,1.128085,1.1277,1.127835,86
2015-01-27T12:10:00.000000Z,1.127805,1.128705,1.1277,1.12827,199
2015-01-27T12:15:00.000000Z,1.12823,1.12895,1.128025,1.128675,187
2015-01-27T12:20:00.000000Z,1.128635,1.1294,1.12826,1.12919,182
2015-01-27T12:25:00.000000Z,1.12921,1.129605,1.129035,1.12953,170
2015-01-27T12:30:00.000000Z,1.12956,1.129745,1.12878,1.129395,222
2015-01-27T12:35:00.000000Z,1.12936,1.129435,1.128345,1.12846,134
2015-01-27T12:40:00.000000Z,1.12849,1.129055,1.12809,1.129055,199
2015-01-27T12:45:00.000000Z,1.1291,1.130075,1.1288,1.12995,311
2015-01-27T12:50:00.000000Z,1.12998,1.130105,1.129265,1.1295,259
2015-01-27T12:55:00.000000Z,1.12946,1.13034,1.12923,1.130025,201
2015-01-27T13:00:00.000000Z,1.13005,1.131865,1.129905,1.1316,379
2015-01-27T13:05:00.000000Z,1.131605,1.131885,1.131045,1.13126,326
2015-01-27T13:10:00.000000Z,1.131275,1.131275,1.13029,1.130665,420
2015-01-27T13:15:00.000000Z,1.1307,1.131035,1.13035,1.13081,241
2015-01-27T13:20:00.000000Z,1.13085,1.131215,1.130355,1.13048,285
2015-01-27T13:25:00.000000Z,1.13051,1.132,1.13051,1.13137,386
2015-01-27T13:30:00.000000Z,1.13137,1.133915,1.13099,1.1338,1268
2015-01-27T13:35:00.000000Z,1.133795,1.133945,1.131975,1.132735,676
2015-01-27T13:40:00.000000Z,1.132745,1.133345,1.131875,1.13322,465
2015-01-27T13:45:00.000000Z,1.133225,1.133375,1.1325,1.13289,328
2015-01-27T13:50:00.000000Z,1.132915,1.133115,1.131715,1.131875,350
2015-01-27T13:55:00.000000Z,1.131905,1.133865,1.13189,1.133865,320
2015-01-27T14:00:00.000000Z,1.133875,1.13487,1.13336,1.13411,638
2015-01-27T14:05:00.000000Z,1.134105,1.136385,1.133985,1.13597,697
2015-01-27T14:10:00.000000Z,1.13593,1.13637,1.13539,1.136315,425
2015-01-27T14:15:00.000000Z,1.136295,1.13847,1.135985,1.13785,795
2015-01-27T14:20:00.000000Z,1.13781,1.13791,1.13604,1.13604,475
2015-01-27T14:25:00.000000Z,1.13604,1.13661,1.13539,1.136455,413
2015-01-27T14:30:00.000000Z,1.13649,1.137295,1.136265,1.136955,418
2015-01-27T14:35:00.000000Z,1.136985,1.13776,1.136735,1.13747,359
2015-01-27T14:40:00.000000Z,1.13747,1.13884,1.13685,1.13823,625
2015-01-27T14:45:00.000000Z,1.13821,1.138635,1.13738,1.13804,501
2015-01-27T14:50:00.000000Z,1.138035,1.138825,1.138035,1.138365,371
2015-01-27T14:55:00.000000Z,1.13837,1.138445,1.136955,1.13755,362
2015-01-27T15:00:00.000000Z,1.13745,1.13787,1.13603,1.13648,947
2015-01-27T15:05:00.000000Z,1.136515,1.13655,1.135265,1.13569,417
2015-01-27T15:10:00.000000Z,1.135695,1.1362,1.135535,1.13583,291
2015-01-27T15:15:00.000000Z,1.135835,1.13644,1.13569,1.13608,248
2015-01-27T15:20:00.000000Z,1.136075,1.1374,1.13599,1.13712,299
2015-01-27T15:25:00.000000Z,1.13708,1.137315,1.13603,1.136255,301
2015-01-27T15:30:00.000000Z,1.136265,1.13849,1.13614,1.13827,374
2015-01-27T15:35:00.000000Z,1.138275,1.14093,1.13805,1.14049,687
2015-01-27T15:40:00.000000Z,1.140535,1.14229,1.14039,1.14141,866
2015-01-27T15:45:00.000000Z,1.141365,1.1416,1.139645,1.14014,573
2015-01-27T15:50:00.000000Z,1.140105,1.140335,1.13968,1.14006,323
2015-01-27T15:55:00.000000Z,1.140055,1.141285,1.13988,1.14015,427
2015-01-27T16:00:00.000000Z,1.1402,1.140425,1.139285,1.139455,358
2015-01-27T16:05:00.000000Z,1.13948,1.140055,1.13928,1.140055,284
2015-01-27T16:10:00.000000Z,1.140025,1.140025,1.13886,1.139465,237
2015-01-27T16:15:00.000000Z,1.13943,1.139475,1.13853,1.138575,200
2015-01-27T16:20:00.000000Z,1.138575,1.13894,1.137965,1.13843,340
2015-01-27T16:25:00.000000Z,1.13841,1.138835,1.137555,1.137675,248
2015-01-27T16:30:00.000000Z,1.137715,1.138075,1.13607,1.13618,352
2015-01-27T16:35:00.000000Z,1.136135,1.13659,1.135775,1.136485,237
2015-01-27T16:40:00.000000Z,1.136455,1.136875,1.13641,1.1368,171
2015-01-27T16:45:00.000000Z,1.136845,1.137085,1.13648,1.13656,200
2015-01-27T16:50:00.000000Z,1.13652,1.137035,1.13652,1.136825,165
2015-01-27T16:55:00.000000Z,1.13684,1.13698,1.136425,1.136915,96
2015-01-27T17:00:00.000000Z,1.136915,1.13746,1.136615,1.13746,144
2015-01-27T17:05:00.000000Z,1.13749,1.137495,1.136875,1.13699,159
2015-01-27T17:10:00.000000Z,1.13702,1.13722,1.13662,1.13719,250
2015-01-27T17:15:00.000000Z,1.137185,1.137315,1.136855,1.13718,140
2015-01-27T17:20:00.000000Z,1.137215,1.13729,1.13582,1.136085,175
2015-01-27T17:25:00.000000Z,1.136115,1.13629,1.13462,1.13522,323
2015-01-27T17:30:00.000000Z,1.13525,1.135665,1.13495,1.135585,225
2015-01-27T17:35:00.000000Z,1.135545,1.13559,1.134795,1.134995,212
2015-01-27T17:40:00.000000Z,1.135025,1.135265,1.133345,1.13357,418
2015-01-27T17:45:00.000000Z,1.133605,1.134155,1.13358,1.134155,233
2015-01-27T17:50:00.000000Z,1.134195,1.134705,1.133875,1.13467,270
2015-01-27T17:55:00.000000Z,1.134705,1.135375,1.13434,1.135275,235
2015-01-27T18:00:00.000000Z,1.13525,1.13595,1.135205,1.135585,163
2015-01-27T18:05:00.000000Z,1.135625,1.13634,1.135625,1.135715,99
2015-01-27T18:10:00.000000Z,1.13567,1.136505,1.13562,1.136075,121
2015-01-27T18:15:00.000000Z,1.13603,1.136315,1.135765,1.136175,144
2015-01-27T18:20:00.000000Z,1.136215,1.136405,1.135785,1.135925,96
2015-01-27T18:25:00.000000Z,1.135885,1.135885,1.13555,1.13558,54
2015-01-27T18:30:00.000000Z,1.135545,1.13621,1.134775,1.134855,193
2015-01-27T18:35:00.000000Z,1.134865,1.13507,1.134065,1.13465,199
2015-01-27T18:40:00.000000Z,1.13465,1.13547,1.13455,1.13525,136
2015-01-27T18:45:00.000000Z,1.135255,1.13546,1.134925,1.135355,103
2015-01-27T18:50:00.000000Z,1.135355,1.136,1.13531,1.135825,105
2015-01-27T18:55:00.000000Z,1.13582,1.13635,1.1357,1.136195,169
2015-01-27T19:00:00.000000Z,1.136235,1.13632,1.13577,1.13584,120
2015-01-27T19:05:00.000000Z,1.135835,1.13621,1.135735,1.13619,95
2015-01-27T19:10:00.000000Z,1.13622,1.136895,1.13618,1.13679,101
2015-01-27T19:15:00.000000Z,1.136785,1.137105,1.136585,1.13687,86
2015-01-27T19:20:00.000000Z,1.13687,1.1371,1.136385,1.136985,153
2015-01-27T19:25:00.000000Z,1.13698,1.13698,1.13615,1.136385,146
2015-01-27T19:30:00.000000Z,1.13638,1.136925,1.13603,1.13687,125
2015-01-27T19:35:00.000000Z,1.136855,1.13694,1.13683,1.13683,11
2015-01-27T19:40:00.000000Z,1.136835,1.13716,1.13635,1.13649,109
2015-01-27T19:45:00.000000Z,1.136525,1.136715,1.136475,1.13666,60
2015-01-27T19:50:00.000000Z,1.13666,1.13688,1.13653,1.13688,48
2015-01-27T19:55:00.000000Z,1.136915,1.13781,1.136775,1.136975,185
2015-01-27T20:00:00.000000Z,1.13698,1.13768,1.13671,1.13745,188
2015-01-27T20:05:00.000000Z,1.137445,1.137595,1.137075,1.137375,61
2015-01-27T20:10:00.000000Z,1.137335,1.137455,1.13685,1.137165,99
2015-01-27T20:15:00.000000Z,1.137165,1.137255,1.13699,1.137195,66
2015-01-27T20:20:00.000000Z,1.13724,1.13733,1.137125,1.137125,42
2015-01-27T20:25:00.000000Z,1.137175,1.13729,1.136955,1.137165,82
2015-01-27T20:30:00.000000Z,1.13716,1.13716,1.136635,1.136865,42
2015-01-27T20:35:00.000000Z,1.136895,1.1372,1.136685,1.13692,85
2015-01-27T20:40:00.000000Z,1.13688,1.13699,1.13667,1.13667,40
2015-01-27T20:45:00.000000Z,1.13671,1.13692,1.136645,1.13691,21
2015-01-27T20:50:00.000000Z,1.136905,1.137475,1.136885,1.13737,64
2015-01-27T20:55:00.000000Z,1.13733,1.138025,1.13715,1.13796,131
2015-01-27T21:00:00.000000Z,1.13792,1.13797,1.137375,1.137385,163
2015-01-27T21:05:00.000000Z,1.137355,1.137615,1.137355,1.13755,102
2015-01-27T21:10:00.000000Z,1.1376,1.137925,1.137465,1.137465,91
2015-01-27T21:15:00.000000Z,1.13742,1.1375,1.137105,1.137485,79
2015-01-27T21:20:00.000000Z,1.13746,1.13792,1.13745,1.13787,36
2015-01-27T21:25:00.000000Z,1.13782,1.137865,1.137665,1.137785,35
2015-01-27T21:30:00.000000Z,1.13783,1.137915,1.137825,1.137895,22
2015-01-27T21:35:00.000000Z,1.137935,1.13802,1.13785,1.137925,23
2015-01-27T21:40:00.000000Z,1.137915,1.138235,1.137875,1.13807,77
2015-01-27T21:45:00.000000Z,1.13811,1.138265,1.13799,1.13819,50
2015-01-27T21:50:00.000000Z,1.138195,1.138275,1.138105,1.138115,63
2015-01-27T21:55:00.000000Z,1.13812,1.138165,1.13786,1.13813,67
2015-01-27T22:00:00.000000Z,1.137755,1.13798,1.137515,1.137515,20
2015-01-27T22:05:00.000000Z,1.13751,1.137955,1.137455,1.13787,67
2015-01-27T22:10:00.000000Z,1.13788,1.13812,1.13772,1.13803,40
2015-01-27T22:15:00.000000Z,1.138025,1.138255,1.138025,1.13822,29
2015-01-27T22:20:00.000000Z,1.138325,1.13833,1.13789,1.13808,91
2015-01-27T22:25:00.000000Z,1.137995,1.1383,1.137795,1.137815,56
2015-01-27T22:30:00.000000Z,1.13781,1.13823,1.13764,1.137925,123
2015-01-27T22:35:00.000000Z,1.137875,1.137995,1.137435,1.137435,58
2015-01-27T22:40:00.000000Z,1.13743,1.13779,1.13739,1.137585,156
2015-01-27T22:45:00.000000Z,1.13767,1.137695,1.13729,1.1373,144
2015-01-27T22:50:00.000000Z,1.137305,1.137865,1.1372,1.137255,275
2015-01-27T22:55:00.000000Z,1.13726,1.137355,1.137085,1.137135,84
2015-01-27T23:00:00.000000Z,1.137085,1.13711,1.137065,1.137085,16
2015-01-27T23:05:00.000000Z,1.13709,1.13716,1.13706,1.13716,19
2015-01-27T23:10:00.000000Z,1.13711,1.13721,1.13709,1.13714,28
2015-01-27T23:15:00.000000Z,1.13714,1.13714,1.13607,1.136475,136
2015-01-27T23:20:00.000000Z,1.136465,1.13664,1.13628,1.13664,66
2015-01-27T23:25:00.000000Z,1.13659,1.13659,1.136335,1.13647,60
2015-01-27T23:30:00.000000Z,1.136515,1.136515,1.13625,1.136435,46
2015-01-27T23:35:00.000000Z,1.13639,1.136655,1.13636,1.136505,53
2015-01-27T23:40:00.000000Z,1.13647,1.136825,1.13624,1.13674,77
2015-01-27T23:45:00.000000Z,1.136785,1.13682,1.136525,1.13665,70
2015-01-27T23:50:00.000000Z,1.13665,1.13684,1.13654,1.136665,58
2015-01-27T23:55:00.000000Z,1.136655,1.13683,1.13658,1.13682,25
2015-01-28T00:00:00.000000Z,1.136815,1.136815,1.136135,1.13614,85
2015-01-28T00:05:00.000000Z,1.136155,1.13624,1.135755,1.135755,112
2015-01-28T00:10:00.000000Z,1.135725,1.13574,1.13511,1.13528,146
2015-01-28T00:15:00.000000Z,1.135315,1.135565,1.13473,1.13496,158
2015-01-28T00:20:00.000000Z,1.135,1.135795,1.134895,1.13571,217
2015-01-28T00:25:00.000000Z,1.135695,1.136005,1.135515,1.135795,100
2015-01-28T00:30:00.000000Z,1.13575,1.13647,1.13536,1.136205,286
2015-01-28T00:35:00.000000Z,1.136165,1.13667,1.13607,1.136415,210
2015-01-28T00:40:00.000000Z,1.136455,1.13655,1.135955,1.13616,101
2015-01-28T00:45:00.000000Z,1.136175,1.136245,1.13542,1.135545,77
2015-01-28T00:50:00.000000Z,1.135585,1.135655,1.134805,1.134805,191
2015-01-28T00:55:00.000000Z,1.13474,1.135565,1.134665,1.135565,170
2015-01-28T01:00:00.000000Z,1.135615,1.135615,1.135105,1.135195,88
2015-01-28T01:05:00.000000Z,1.13515,1.13529,1.134285,1.134285,110
2015-01-28T01:10:00.000000Z,1.13425,1.13425,1.13376,1.13386,93
2015-01-28T01:15:00.000000Z,1.1339,1.13402,1.1334,1.133795,146
2015-01-28T01:20:00.000000Z,1.1338,1.134205,1.1338,1.134205,63
2015-01-28T01:25:00.000000Z,1.134205,1.134305,1.133905,1.13399,63
2015-01-28T01:30:00.000000Z,1.13396,1.13404,1.13308,1.133225,188
2015-01-28T01:35:00.000000Z,1.13322,1.13355,1.133085,1.13355,79
2015-01-28T01:40:00.000000Z,1.133585,1.133645,1.133385,1.133505,40
2015-01-28T01:45:00.000000Z,1.13351,1.13361,1.13338,1.13353,30
2015-01-28T01:50:00.000000Z,1.133525,1.13361,1.133305,1.13361,25
2015-01-28T01:55:00.000000Z,1.13361,1.13361,1.133545,1.133545,15
2015-01-28T02:00:00.000000Z,1.133505,1.133525,1.13339,1.133525,27
2015-01-28T02:05:00.000000Z,1.13356,1.13377,1.13356,1.133625,19
2015-01-28T02:10:00.000000Z,1.13359,1.13366,1.13349,1.13366,42
2015-01-28T02:15:00.000000Z,1.133625,1.13365,1.133275,1.133275,46
2015-01-28T02:20:00.000000Z,1.13328,1.133385,1.13328,1.13329,23
2015-01-28T02:25:00.000000Z,1.1333,1.133355,1.13306,1.13308,27
2015-01-28T02:30:00.000000Z,1.13312,1.133295,1.13308,1.13329,26
2015-01-28T02:35:00.000000Z,1.133275,1.13332,1.133085,1.13328,53
2015-01-28T02:40:00.000000Z,1.13328,1.13339,1.1332,1.13339,23
2015-01-28T02:45:00.000000Z,1.13335,1.134055,1.13335,1.13383,76
2015-01-28T02:50:00.000000Z,1.13381,1.13393,1.13371,1.13393,15
2015-01-28T02:55:00.000000Z,1.13397,1.13401,1.13345,1.133465,66
2015-01-28T03:00:00.000000Z,1.133435,1.13376,1.133435,1.13376,42
2015-01-28T03:05:00.000000Z,1.133795,1.13398,1.133705,1.13394,36
2015-01-28T03:10:00.000000Z,1.133935,1.133935,1.133805,1.133845,26
2015-01-28T03:15:00.000000Z,1.13384,1.13384,1.133605,1.133695,36
2015-01-28T03:20:00.000000Z,1.13373,1.13384,1.133545,1.133585,37
2015-01-28T03:25:00.000000Z,1.133565,1.133865,1.133565,1.133765,19
2015-01-28T03:30:00.000000Z,1.13376,1.13409,1.133685,1.134085,42
2015-01-28T03:35:00.000000Z,1.13408,1.134085,1.133955,1.133975,25
2015-01-28T03:40:00.000000Z,1.133995,1.134355,1.133995,1.13434,43
2015-01-28T03:45:00.000000Z,1.1343,1.134375,1.134185,1.1342,39
2015-01-28T03:50:00.000000Z,1.134165,1.13423,1.134095,1.134195,28
2015-01-28T03:55:00.000000Z,1.134235,1.134235,1.134045,1.134045,9
2015-01-28T04:00:00.000000Z,1.134065,1.134205,1.134065,1.134205,5
2015-01-28T04:05:00.000000Z,1.134205,1.134205,1.133785,1.133875,60
2015-01-28T04:10:00.000000Z,1.13391,1.133985,1.133535,1.13377,46
2015-01-28T04:15:00.000000Z,1.133765,1.13382,1.133545,1.13381,24
2015-01-28T04:20:00.000000Z,1.133855,1.1339,1.13359,1.133795,49
2015-01-28T04:25:00.000000Z,1.133795,1.133795,1.13327,1.13363,75
2015-01-28T04:30:00.000000Z,1.133665,1.133695,1.13336,1.13349,51
2015-01-28T04:35:00.000000Z,1.133485,1.133525,1.1333,1.133505,58
2015-01-28T04:40:00.000000Z,1.1335,1.133555,1.133455,1.133555,14
2015-01-28T04:45:00.000000Z,1.13355,1.13361,1.13352,1.13361,15
2015-01-28T04:50:00.000000Z,1.133645,1.13377,1.1336,1.13377,11
2015-01-28T04:55:00.000000Z,1.13381,1.134075,1.13369,1.13369,69
2015-01-28T05:00:00.000000Z,1.133655,1.133815,1.133475,1.133475,29
2015-01-28T05:05:00.000000Z,1.133475,1.13366,1.133475,1.133555,21
2015-01-28T05:10:00.000000Z,1.13352,1.133595,1.133505,1.133595,17
2015-01-28T05:15:00.000000Z,1.13363,1.13376,1.13338,1.133385,32
2015-01-28T05:20:00.000000Z,1.13339,1.133725,1.13339,1.133725,36
2015-01-28T05:25:00.000000Z,1.13372,1.13384,1.13361,1.133615,32
2015-01-28T05:30:00.000000Z,1.13362,1.133955,1.13362,1.13387,36
2015-01-28T05:35:00.000000Z,1.13383,1.134115,1.13383,1.133855,23
2015-01-28T05:40:00.000000Z,1.133855,1.134075,1.13379,1.13397,68
2015-01-28T05:45:00.000000Z,1.133925,1.134615,1.133925,1.134615,72
2015-01-28T05:50:00.000000Z,1.13465,1.134715,1.134165,1.134255,68
2015-01-28T05:55:00.000000Z,1.13425,1.13642,1.13425,1.135565,406
2015-01-28T06:00:00.000000Z,1.135525,1.1364,1.13534,1.13638,167
2015-01-28T06:05:00.000000Z,1.136375,1.136815,1.13596,1.136525,216
2015-01-28T06:10:00.000000Z,1.136515,1.137815,1.136335,1.137805,274
2015-01-28T06:15:00.000000Z,1.137785,1.137785,1.136855,1.137665,188
2015-01-28T06:20:00.000000Z,1.13771,1.13826,1.137225,1.13723,177
2015-01-28T06:25:00.000000Z,1.137235,1.137235,1.13673,1.13687,76
2015-01-28T06:30:00.000000Z,1.1369,1.137645,1.1369,1.13717,110
2015-01-28T06:35:00.000000Z,1.137165,1.13778,1.137165,1.13741,178
2015-01-28T06:40:00.000000Z,1.13738,1.13738,1.13663,1.13681,170
2015-01-28T06:45:00.000000Z,1.13685,1.136985,1.136475,1.13651,104
2015-01-28T06:50:00.000000Z,1.13653,1.136565,1.13616,1.13638,161
2015-01-28T06:55:00.000000Z,1.136355,1.1372,1.13623,1.13706,80
2015-01-28T07:00:00.000000Z,1.13705,1.13733,1.136315,1.136345,147
2015-01-28T07:05:00.000000Z,1.13634,1.136465,1.13617,1.136205,75
2015-01-28T07:10:00.000000Z,1.136165,1.136375,1.13613,1.13628,55
2015-01-28T07:15:00.000000Z,1.13632,1.136685,1.13632,1.136345,52
2015-01-28T07:20:00.000000Z,1.13631,1.13658,1.13627,1.13647,47
2015-01-28T07:25:00.000000Z,1.136475,1.137305,1.136475,1.136805,103
2015-01-28T07:30:00.000000Z,1.13677,1.13702,1.136585,1.136585,106
2015-01-28T07:35:00.000000Z,1.13659,1.137,1.13646,1.1366,134
2015-01-28T07:40:00.000000Z,1.13664,1.13669,1.13617,1.136255,96
2015-01-28T07:45:00.000000Z,1.13621,1.13621,1.13461,1.13508,281
2015-01-28T07:50:00.000000Z,1.13511,1.13519,1.134085,1.13448,173
2015-01-28T07:55:00.000000Z,1.13451,1.13481,1.133755,1.13445,304
2015-01-28T08:00:00.000000Z,1.134485,1.134485,1.13355,1.134265,250
2015-01-28T08:05:00.000000Z,1.13427,1.134635,1.13374,1.13447,272
2015-01-28T08:10:00.000000Z,1.134475,1.135035,1.13414,1.134235,264
2015-01-28T08:15:00.000000Z,1.134265,1.13437,1.133715,1.133825,277
2015-01-28T08:20:00.000000Z,1.13384,1.13436,1.133495,1.134235,197
2015-01-28T08:25:00.000000Z,1.134195,1.134575,1.134085,1.134215,142
2015-01-28T08:30:00.000000Z,1.13425,1.135825,1.134235,1.13488,322
2015-01-28T08:35:00.000000Z,1.1349,1.13578,1.1349,1.13535,183
2015-01-28T08:40:00.000000Z,1.135385,1.13565,1.133885,1.133985,264
2015-01-28T08:45:00.000000Z,1.134015,1.13445,1.132645,1.13301,278
2015-01-28T08:50:00.000000Z,1.132975,1.133785,1.13285,1.13349,307
2015-01-28T08:55:00.000000Z,1.133485,1.13418,1.13323,1.13359,365
2015-01-28T09:00:00.000000Z,1.133595,1.13479,1.133595,1.13454,223
2015-01-28T09:05:00.000000Z,1.134545,1.134735,1.13422,1.134595,149
2015-01-28T09:10:00.000000Z,1.13456,1.13456,1.133655,1.133945,244
2015-01-28T09:15:00.000000Z,1.133975,1.134225,1.13369,1.133795,210
2015-01-28T09:20:00.000000Z,1.133765,1.13412,1.13345,1.133965,199
2015-01-28T09:25:00.000000Z,1.133925,1.13505,1.133855,1.13477,231
2015-01-28T09:30:00.000000Z,1.13477,1.134885,1.134365,1.13484,177
2015-01-28T09:35:00.000000Z,1.13484,1.135225,1.134785,1.135015,146
2015-01-28T09:40:00.000000Z,1.134995,1.13532,1.134875,1.135005,105
2015-01-28T09:45:00.000000Z,1.13501,1.136035,1.13494,1.13581,176
2015-01-28T09:50:00.000000Z,1.13585,1.13671,1.135585,1.135705,287
2015-01-28T09:55:00.000000Z,1.13569,1.13635,1.1353,1.13626,242
2015-01-28T10:00:00.000000Z,1.136295,1.136975,1.136175,1.136975,211
2015-01-28T10:05:00.000000Z,1.136955,1.13723,1.13676,1.137015,174
2015-01-28T10:10:00.000000Z,1.13698,1.1375,1.13694,1.13729,137
2015-01-28T10:15:00.000000Z,1.13726,1.13789,1.137085,1.13787,207
2015-01-28T10:20:00.000000Z,1.13786,1.13813,1.13764,1.13788,228
2015-01-28T10:25:00.000000Z,1.13788,1.137885,1.137295,1.137485,135
2015-01-28T10:30:00.000000Z,1.13749,1.13749,1.13629,1.136405,194
2015-01-28T10:35:00.000000Z,1.136435,1.136515,1.136045,1.13642,99
2015-01-28T10:40:00.000000Z,1.13646,1.136775,1.13596,1.13603,122
2015-01-28T10:45:00.000000Z,1.136025,1.136275,1.134905,1.13548,282
2015-01-28T10:50:00.000000Z,1.13552,1.135725,1.135035,1.13556,176
2015-01-28T10:55:00.000000Z,1.135555,1.136455,1.135405,1.136245,167
2015-01-28T11:00:00.000000Z,1.13621,1.136635,1.136025,1.13621,135
2015-01-28T11:05:00.000000Z,1.136185,1.13678,1.13616,1.1365,138
2015-01-28T11:10:00.000000Z,1.1365,1.136805,1.136475,1.13674,89
2015-01-28T11:15:00.000000Z,1.13671,1.13671,1.136165,1.136265,98
2015-01-28T11:20:00.000000Z,1.13626,1.13649,1.136035,1.13607,101
2015-01-28T11:25:00.000000Z,1.136055,1.13617,1.13563,1.13569,116
2015-01-28T11:30:00.000000Z,1.13573,1.136095,1.13509,1.135325,149
2015-01-28T11:35:00.000000Z,1.13529,1.136115,1.13517,1.13605,140
2015-01-28T11:40:00.000000Z,1.136065,1.136375,1.136065,1.13637,81
2015-01-28T11:45:00.000000Z,1.136365,1.13691,1.13623,1.136655,162
2015-01-28T11:50:00.000000Z,1.13669,1.136935,1.1366,1.136845,100
2015-01-28T11:55:00.000000Z,1.13682,1.136885,1.13566,1.13571,271
2015-01-28T12:00:00.000000Z,1.13572,1.136305,1.135085,1.13561,302
2015-01-28T12:05:00.000000Z,1.135605,1.136415,1.135325,1.13637,149
2015-01-28T12:10:00.000000Z,1.13633,1.136635,1.136205,1.136325,116
2015-01-28T12:15:00.000000Z,1.13636,1.13647,1.136175,1.13641,79
2015-01-28T12:20:00.000000Z,1.136405,1.13644,1.13597,1.136345,88
2015-01-28T12:25:00.000000Z,1.13635,1.13651,1.136075,1.136315,64
2015-01-28T12:30:00.000000Z,1.136355,1.13646,1.135935,1.136145,90
2015-01-28T12:35:00.000000Z,1.13611,1.13618,1.135825,1.13596,88
2015-01-28T12:40:00.000000Z,1.135975,1.136405,1.135775,1.13625,108
2015-01-28T12:45:00.000000Z,1.136285,1.1363,1.135575,1.135725,157
2015-01-28T12:50:00.000000Z,1.1357,1.135995,1.13562,1.135695,81
2015-01-28T12:55:00.000000Z,1.135665,1.135835,1.135245,1.135355,166
2015-01-28T13:00:00.000000Z,1.135395,1.135395,1.13466,1.13466,205
2015-01-28T13:05:00.000000Z,1.134685,1.134925,1.13408,1.13467,210
2015-01-28T13:10:00.000000Z,1.13466,1.134975,1.13427,1.13434,192
2015-01-28T13:15:00.000000Z,1.13436,1.1348,1.13426,1.134575,201
2015-01-28T13:20:00.000000Z,1.13454,1.134985,1.13446,1.1345,160
2015-01-28T13:25:00.000000Z,1.134515,1.135205,1.134515,1.135185,157
2015-01-28T13:30:00.000000Z,1.135155,1.135155,1.13455,1.134905,163
2015-01-28T13:35:00.000000Z,1.134935,1.135085,1.1346,1.1346,152
2015-01-28T13:40:00.000000Z,1.1346,1.134725,1.134285,1.13434,143
2015-01-28T13:45:00.000000Z,1.134355,1.13507,1.134355,1.13496,197
2015-01-28T13:50:00.000000Z,1.134975,1.135465,1.134925,1.13494,148
2015-01-28T13:55:00.000000Z,1.13491,1.135155,1.134775,1.13513,199
2015-01-28T14:00:00.000000Z,1.135165,1.135285,1.13498,1.13508,185
2015-01-28T14:05:00.000000Z,1.13512,1.135145,1.13452,1.13471,115
2015-01-28T14:10:00.000000Z,1.13468,1.13499,1.134645,1.13486,190
2015-01-28T14:15:00.000000Z,1.134855,1.13492,1.134245,1.134305,159
2015-01-28T14:20:00.000000Z,1.13427,1.134385,1.13402,1.1342,137
2015-01-28T14:25:00.000000Z,1.134235,1.134335,1.133975,1.134035,96
2015-01-28T14:30:00.000000Z,1.13406,1.13451,1.13355,1.1345,265
2015-01-28T14:35:00.000000Z,1.13454,1.13454,1.134065,1.13423,139
2015-01-28T14:40:00.000000Z,1.134265,1.134415,1.13353,1.13379,222
2015-01-28T14:45:00.000000Z,1.13377,1.13387,1.13203,1.132075,422
2015-01-28T14:50:00.000000Z,1.13203,1.13203,1.130925,1.131395,575
2015-01-28T14:55:00.000000Z,1.13143,1.131445,1.130715,1.130825,299
2015-01-28T15:00:00.000000Z,1.13079,1.13126,1.13072,1.13122,190
2015-01-28T15:05:00.000000Z,1.131215,1.131695,1.130915,1.131485,176
2015-01-28T15:10:00.000000Z,1.131455,1.131615,1.131115,1.13148,178
