2015-01-22T08:55:00.000000Z,1.161185,1.161475,1.16104,1.16104,38
2015-01-22T08:56:00.000000Z,1.161,1.161015,1.160935,1.161015,18
2015-01-22T08:57:00.000000Z,1.160975,1.161045,1.160635,1.16096,44
2015-01-22T08:58:00.000000Z,1.16091,1.160945,1.16052,1.160745,49
2015-01-22T08:59:00.000000Z,1.160775,1.16081,1.16018,1.16018,49
2015-01-22T09:00:00.000000Z,1.16018,1.16096,1.16018,1.16094,37
2015-01-22T09:01:00.000000Z,1.160925,1.16094,1.160555,1.16094,70
2015-01-22T09:02:00.000000Z,1.160975,1.16143,1.160975,1.16124,30
2015-01-22T09:03:00.000000Z,1.1612,1.1612,1.1609,1.1609,29
2015-01-22T09:04:00.000000Z,1.160905,1.160965,1.160815,1.160945,27
2015-01-22T09:05:00.000000Z,1.16094,1.160965,1.160825,1.160905,13
2015-01-22T09:06:00.000000Z,1.16091,1.161645,1.16091,1.161505,53
2015-01-22T09:07:00.000000Z,1.1615,1.1615,1.160925,1.16101,23
2015-01-22T09:08:00.000000Z,1.16099,1.16099,1.16093,1.16096,6
2015-01-22T09:09:00.000000Z,1.160995,1.16121,1.160925,1.1612,27
2015-01-22T09:10:00.000000Z,1.161195,1.161195,1.16096,1.161015,32
2015-01-22T09:11:00.000000Z,1.16098,1.161035,1.16085,1.160865,22
2015-01-22T09:12:00.000000Z,1.160895,1.16107,1.16083,1.16084,37
2015-01-22T09:13:00.000000Z,1.16081,1.160845,1.160535,1.16057,47
2015-01-22T09:14:00.000000Z,1.160555,1.160555,1.160225,1.160485,39
2015-01-22T09:15:00.000000Z,1.16052,1.160865,1.16041,1.16075,31
2015-01-22T09:16:00.000000Z,1.160745,1.160845,1.16065,1.16074,26
2015-01-22T09:17:00.000000Z,1.160745,1.161225,1.160745,1.161145,41
2015-01-22T09:18:00.000000Z,1.161105,1.16116,1.16084,1.16113,59
2015-01-22T09:19:00.000000Z,1.161125,1.16148,1.161095,1.161375,23
2015-01-22T09:20:00.000000Z,1.161375,1.161575,1.161375,1.161575,22
2015-01-22T09:21:00.000000Z,1.16157,1.16158,1.161475,1.16155,13
2015-01-22T09:22:00.000000Z,1.16159,1.161745,1.16159,1.161685,13
2015-01-22T09:23:00.000000Z,1.16166,1.16166,1.16122,1.16128,64
2015-01-22T09:24:00.000000Z,1.16128,1.16129,1.161245,1.16125,18
2015-01-22T09:25:00.000000Z,1.161215,1.16152,1.16118,1.16148,29
2015-01-22T09:26:00.000000Z,1.161525,1.162065,1.161525,1.161895,37
2015-01-22T09:27:00.000000Z,1.16186,1.162395,1.16186,1.16238,42
2015-01-22T09:28:00.000000Z,1.162425,1.162615,1.16238,1.162615,17
2015-01-22T09:29:00.000000Z,1.162605,1.162685,1.16241,1.162685,31
2015-01-22T09:30:00.000000Z,1.16272,1.16292,1.16244,1.16248,73
2015-01-22T09:31:00.000000Z,1.16245,1.16245,1.162295,1.16237,29
2015-01-22T09:32:00.000000Z,1.162405,1.16247,1.16236,1.16242,12
2015-01-22T09:33:00.000000Z,1.16242,1.16252,1.16223,1.16252,20
2015-01-22T09:34:00.000000Z,1.16256,1.16272,1.16223,1.162265,49
2015-01-22T09:35:00.000000Z,1.16224,1.16224,1.162,1.16207,28
2015-01-22T09:36:00.000000Z,1.162055,1.162085,1.161855,1.16204,52
2015-01-22T09:37:00.000000Z,1.162025,1.162025,1.16193,1.16199,13
2015-01-22T09:38:00.000000Z,1.16196,1.16196,1.16161,1.161625,37
2015-01-22T09:39:00.000000Z,1.16163,1.161735,1.16163,1.16165,24
2015-01-22T09:40:00.000000Z,1.161615,1.161665,1.16131,1.161465,58
2015-01-22T09:41:00.000000Z,1.161505,1.161765,1.16149,1.161765,25
2015-01-22T09:42:00.000000Z,1.1618,1.162,1.161775,1.16197,35
2015-01-22T09:43:00.000000Z,1.161935,1.16194,1.16155,1.161555,32
2015-01-22T09:44:00.000000Z,1.16156,1.161955,1.16156,1.161955,27
2015-01-22T09:45:00.000000Z,1.161915,1.16223,1.16178,1.16223,37
2015-01-22T09:46:00.000000Z,1.16228,1.16236,1.161715,1.16179,67
2015-01-22T09:47:00.000000Z,1.16175,1.161865,1.16172,1.16172,19
2015-01-22T09:48:00.000000Z,1.161685,1.161765,1.161485,1.161495,21
2015-01-22T09:49:00.000000Z,1.161495,1.161555,1.161395,1.16149,16
2015-01-22T09:50:00.000000Z,1.161485,1.161485,1.161435,1.16147,5
2015-01-22T09:51:00.000000Z,1.16147,1.16172,1.16146,1.16172,14
2015-01-22T09:52:00.000000Z,1.161755,1.16183,1.161525,1.161655,23
2015-01-22T09:53:00.000000Z,1.161635,1.162015,1.16158,1.162015,23
2015-01-22T09:54:00.000000Z,1.162,1.162215,1.162,1.162155,29
2015-01-22T09:55:00.000000Z,1.16216,1.16225,1.16216,1.1622,20
2015-01-22T09:56:00.000000Z,1.162215,1.16232,1.16214,1.162285,30
2015-01-22T09:57:00.000000Z,1.16228,1.162335,1.162145,1.16227,20
2015-01-22T09:58:00.000000Z,1.162255,1.162325,1.162145,1.162255,27
2015-01-22T09:59:00.000000Z,1.16229,1.16245,1.16223,1.16238,34
2015-01-22T10:00:00.000000Z,1.16238,1.162475,1.162055,1.162175,58
2015-01-22T10:01:00.000000Z,1.162175,1.16235,1.162155,1.16235,12
2015-01-22T10:02:00.000000Z,1.162345,1.162345,1.162205,1.16221,18
2015-01-22T10:03:00.000000Z,1.162205,1.162445,1.162165,1.16243,28
2015-01-22T10:04:00.000000Z,1.16247,1.16257,1.162305,1.162325,19
2015-01-22T10:05:00.000000Z,1.162285,1.162285,1.161815,1.16205,24
2015-01-22T10:06:00.000000Z,1.16204,1.16204,1.161815,1.162035,22
2015-01-22T10:07:00.000000Z,1.16207,1.162205,1.161905,1.16193,40
2015-01-22T10:08:00.000000Z,1.16193,1.16214,1.16193,1.162095,39
2015-01-22T10:09:00.000000Z,1.162125,1.162325,1.161915,1.161915,35
2015-01-22T10:10:00.000000Z,1.16192,1.162045,1.16185,1.16204,17
2015-01-22T10:11:00.000000Z,1.16203,1.16203,1.16173,1.16194,33
2015-01-22T10:12:00.000000Z,1.161935,1.16211,1.16179,1.16211,19
2015-01-22T10:13:00.000000Z,1.162145,1.162145,1.161975,1.161975,14
2015-01-22T10:14:00.000000Z,1.161975,1.16224,1.161975,1.16214,48
2015-01-22T10:15:00.000000Z,1.16215,1.16221,1.161965,1.16197,19
2015-01-22T10:16:00.000000Z,1.161995,1.162035,1.16194,1.161955,15
2015-01-22T10:17:00.000000Z,1.16192,1.16192,1.16164,1.16172,26
2015-01-22T10:18:00.000000Z,1.161735,1.16191,1.16165,1.16165,53
2015-01-22T10:19:00.000000Z,1.16162,1.161665,1.161545,1.1616,31
2015-01-22T10:20:00.000000Z,1.16156,1.16173,1.161555,1.161625,17
2015-01-22T10:21:00.000000Z,1.16159,1.16159,1.161415,1.16156,14
2015-01-22T10:22:00.000000Z,1.161595,1.161665,1.16124,1.16131,46
2015-01-22T10:23:00.000000Z,1.16131,1.161585,1.16131,1.16139,38
2015-01-22T10:24:00.000000Z,1.16141,1.161525,1.161315,1.161355,13
2015-01-22T10:25:00.000000Z,1.16131,1.16133,1.16073,1.16073,49
2015-01-22T10:26:00.000000Z,1.16076,1.161605,1.16068,1.161425,96
2015-01-22T10:27:00.000000Z,1.161425,1.16214,1.161325,1.16197,80
2015-01-22T10:28:00.000000Z,1.16197,1.162045,1.1618,1.16194,58
2015-01-22T10:29:00.000000Z,1.161905,1.16197,1.16151,1.161555,63
2015-01-22T10:30:00.000000Z,1.16152,1.161525,1.16128,1.16132,44
2015-01-22T10:31:00.000000Z,1.16129,1.16156,1.16127,1.161395,23
2015-01-22T10:32:00.000000Z,1.161355,1.16163,1.161325,1.161565,29
2015-01-22T10:33:00.000000Z,1.16156,1.16173,1.16152,1.16173,16
2015-01-22T10:34:00.000000Z,1.16176,1.16176,1.16152,1.16152,17
2015-01-22T10:35:00.000000Z,1.161535,1.161595,1.161435,1.161505,27
2015-01-22T10:36:00.000000Z,1.16154,1.16154,1.16148,1.16152,5
2015-01-22T10:37:00.000000Z,1.16155,1.161655,1.161525,1.161655,14
2015-01-22T10:38:00.000000Z,1.161625,1.161695,1.161565,1.161565,12
2015-01-22T10:39:00.000000Z,1.16153,1.16154,1.161415,1.161435,21
2015-01-22T10:40:00.000000Z,1.16144,1.161515,1.16142,1.16144,10
2015-01-22T10:41:00.000000Z,1.16147,1.16157,1.16147,1.16155,12
2015-01-22T10:42:00.000000Z,1.161585,1.161705,1.161585,1.161655,16
2015-01-22T10:43:00.000000Z,1.161645,1.162285,1.161645,1.16224,35
2015-01-22T10:44:00.000000Z,1.162245,1.162255,1.162035,1.16204,24
2015-01-22T10:45:00.000000Z,1.16205,1.162225,1.16199,1.16211,30
2015-01-22T10:46:00.000000Z,1.16208,1.1623,1.162025,1.1623,16
2015-01-22T10:47:00.000000Z,1.16234,1.162825,1.1623,1.162825,34
2015-01-22T10:48:00.000000Z,1.16286,1.16391,1.16285,1.163075,128
2015-01-22T10:49:00.000000Z,1.16308,1.1633,1.162665,1.162765,55
2015-01-22T10:50:00.000000Z,1.162755,1.16287,1.162665,1.16282,30
2015-01-22T10:51:00.000000Z,1.16282,1.16282,1.16259,1.16259,29
2015-01-22T10:52:00.000000Z,1.16255,1.16255,1.1623,1.1623,32
2015-01-22T10:53:00.000000Z,1.162295,1.162825,1.162295,1.162675,41
2015-01-22T10:54:00.000000Z,1.16268,1.1628,1.1626,1.16263,37
2015-01-22T10:55:00.000000Z,1.16264,1.162945,1.162605,1.162935,41
2015-01-22T10:56:00.000000Z,1.1629,1.162905,1.16254,1.16264,35
2015-01-22T10:57:00.000000Z,1.162635,1.162665,1.162295,1.162325,45
2015-01-22T10:58:00.000000Z,1.162335,1.162335,1.16225,1.16225,12
2015-01-22T10:59:00.000000Z,1.162255,1.162705,1.162255,1.1627,27
2015-01-22T11:00:00.000000Z,1.16269,1.16269,1.16213,1.16229,32
2015-01-22T11:01:00.000000Z,1.16232,1.162355,1.16228,1.1623,13
2015-01-22T11:02:00.000000Z,1.162305,1.162465,1.162235,1.162235,18
2015-01-22T11:03:00.000000Z,1.1622,1.16235,1.16219,1.16235,15
2015-01-22T11:04:00.000000Z,1.16234,1.16282,1.162235,1.16277,33
2015-01-22T11:05:00.000000Z,1.162735,1.162765,1.16271,1.162725,8
2015-01-22T11:06:00.000000Z,1.162745,1.16275,1.162195,1.162195,23
2015-01-22T11:07:00.000000Z,1.162195,1.162525,1.162195,1.16246,39
2015-01-22T11:08:00.000000Z,1.162425,1.16249,1.162305,1.162325,26
2015-01-22T11:09:00.000000Z,1.16236,1.16236,1.162135,1.162135,13
2015-01-22T11:10:00.000000Z,1.16214,1.16231,1.16214,1.16229,22
2015-01-22T11:11:00.000000Z,1.162315,1.162635,1.162315,1.162605,14
2015-01-22T11:12:00.000000Z,1.16264,1.162645,1.162595,1.16261,9
2015-01-22T11:13:00.000000Z,1.16258,1.16258,1.162285,1.162345,35
2015-01-22T11:14:00.000000Z,1.16233,1.162335,1.1622,1.162305,24
2015-01-22T11:15:00.000000Z,1.1623,1.162325,1.16226,1.16232,7
2015-01-22T11:16:00.000000Z,1.162355,1.162355,1.162245,1.162245,6
2015-01-22T11:17:00.000000Z,1.162245,1.16245,1.162245,1.1624,12
2015-01-22T11:18:00.000000Z,1.16241,1.16254,1.16241,1.1625,8
2015-01-22T11:19:00.000000Z,1.162465,1.162615,1.162275,1.16247,39
2015-01-22T11:20:00.000000Z,1.162435,1.16248,1.162235,1.162235,22
2015-01-22T11:21:00.000000Z,1.1622,1.162255,1.162065,1.16214,15
2015-01-22T11:22:00.000000Z,1.162135,1.162185,1.16206,1.1621,15
2015-01-22T11:23:00.000000Z,1.162085,1.16224,1.162035,1.162095,13
2015-01-22T11:24:00.000000Z,1.16206,1.16206,1.161935,1.162055,23
2015-01-22T11:25:00.000000Z,1.162095,1.162125,1.16192,1.16192,18
2015-01-22T11:26:00.000000Z,1.16192,1.162165,1.16192,1.162055,20
2015-01-22T11:27:00.000000Z,1.16208,1.16208,1.161945,1.161945,7
2015-01-22T11:28:00.000000Z,1.161895,1.162325,1.16187,1.162325,27
2015-01-22T11:29:00.000000Z,1.162325,1.162325,1.161935,1.161935,14
2015-01-22T11:30:00.000000Z,1.1619,1.162035,1.16177,1.162035,21
2015-01-22T11:31:00.000000Z,1.162,1.162145,1.16196,1.162145,16
2015-01-22T11:32:00.000000Z,1.162105,1.162535,1.162105,1.162325,76
2015-01-22T11:33:00.000000Z,1.16231,1.16267,1.162185,1.162635,43
2015-01-22T11:34:00.000000Z,1.162615,1.16263,1.16243,1.162605,21
2015-01-22T11:35:00.000000Z,1.16264,1.16264,1.16258,1.162605,11
2015-01-22T11:36:00.000000Z,1.16264,1.16305,1.16264,1.163,54
2015-01-22T11:37:00.000000Z,1.163045,1.16308,1.16301,1.16302,9
2015-01-22T11:38:00.000000Z,1.16298,1.16312,1.162935,1.16312,28
2015-01-22T11:39:00.000000Z,1.163075,1.163075,1.162765,1.162805,15
2015-01-22T11:40:00.000000Z,1.162805,1.16292,1.16278,1.162845,21
2015-01-22T11:41:00.000000Z,1.16285,1.16298,1.16285,1.162975,7
2015-01-22T11:42:00.000000Z,1.16295,1.16311,1.16295,1.16311,12
2015-01-22T11:43:00.000000Z,1.163145,1.163275,1.16311,1.16322,16
2015-01-22T11:44:00.000000Z,1.163185,1.16333,1.16273,1.16284,46
2015-01-22T11:45:00.000000Z,1.16284,1.16284,1.16274,1.16274,19
2015-01-22T11:46:00.000000Z,1.1627,1.1627,1.16256,1.16256,14
2015-01-22T11:47:00.000000Z,1.16257,1.162945,1.16257,1.162925,22
2015-01-22T11:48:00.000000Z,1.16292,1.163,1.1629,1.16298,20
2015-01-22T11:49:00.000000Z,1.163015,1.163015,1.16284,1.162955,14
2015-01-22T11:50:00.000000Z,1.16295,1.16295,1.16255,1.162715,41
2015-01-22T11:51:00.000000Z,1.162735,1.162955,1.162735,1.162955,8
2015-01-22T11:52:00.000000Z,1.162995,1.16327,1.162965,1.163265,47
2015-01-22T11:53:00.000000Z,1.16326,1.163495,1.163195,1.163395,25
2015-01-22T11:54:00.000000Z,1.16336,1.163465,1.16332,1.163465,20
2015-01-22T11:55:00.000000Z,1.163495,1.164495,1.163495,1.163895,81
2015-01-22T11:56:00.000000Z,1.163855,1.164285,1.16378,1.16385,39
2015-01-22T11:57:00.000000Z,1.16382,1.163915,1.163405,1.163765,116
2015-01-22T11:58:00.000000Z,1.163805,1.164035,1.163715,1.163715,24
2015-01-22T11:59:00.000000Z,1.16368,1.16368,1.162595,1.162675,79
2015-01-22T12:00:00.000000Z,1.16267,1.162965,1.162485,1.162825,89
2015-01-22T12:01:00.000000Z,1.162835,1.16366,1.162835,1.16366,39
2015-01-22T12:02:00.000000Z,1.163655,1.163685,1.16335,1.163635,39
2015-01-22T12:03:00.000000Z,1.163675,1.164035,1.163675,1.16397,36
2015-01-22T12:04:00.000000Z,1.16395,1.163955,1.163325,1.16335,40
2015-01-22T12:05:00.000000Z,1.16336,1.16365,1.163335,1.16334,40
2015-01-22T12:06:00.000000Z,1.16335,1.16335,1.16313,1.16313,31
2015-01-22T12:07:00.000000Z,1.163125,1.163295,1.163065,1.163295,25
2015-01-22T12:08:00.000000Z,1.163295,1.16353,1.1632,1.16343,25
2015-01-22T12:09:00.000000Z,1.163455,1.16364,1.16331,1.16335,43
2015-01-22T12:10:00.000000Z,1.16339,1.16363,1.16339,1.163535,14
2015-01-22T12:11:00.000000Z,1.1635,1.163545,1.16337,1.16337,13
2015-01-22T12:12:00.000000Z,1.163335,1.16345,1.163235,1.16345,36
2015-01-22T12:13:00.000000Z,1.16343,1.16351,1.16318,1.16344,44
2015-01-22T12:14:00.000000Z,1.16341,1.163445,1.163155,1.163155,39
2015-01-22T12:15:00.000000Z,1.163125,1.163125,1.16301,1.163065,10
2015-01-22T12:16:00.000000Z,1.16305,1.163105,1.16289,1.163105,30
2015-01-22T12:17:00.000000Z,1.163145,1.163435,1.16294,1.163435,41
2015-01-22T12:18:00.000000Z,1.16347,1.16356,1.163025,1.16326,53
2015-01-22T12:19:00.000000Z,1.163265,1.163375,1.163265,1.16332,19
2015-01-22T12:20:00.000000Z,1.163325,1.16375,1.163305,1.163745,39
2015-01-22T12:21:00.000000Z,1.163725,1.163725,1.16307,1.163275,75
2015-01-22T12:22:00.000000Z,1.163265,1.163445,1.163235,1.163265,40
2015-01-22T12:23:00.000000Z,1.163285,1.163365,1.16323,1.163245,31
2015-01-22T12:24:00.000000Z,1.16324,1.163285,1.16314,1.163165,24
2015-01-22T12:25:00.000000Z,1.163165,1.16325,1.163085,1.163155,19
2015-01-22T12:26:00.000000Z,1.163195,1.16346,1.16315,1.16331,34
2015-01-22T12:27:00.000000Z,1.16335,1.16374,1.16334,1.163725,41
2015-01-22T12:28:00.000000Z,1.163745,1.163925,1.1637,1.163885,30
2015-01-22T12:29:00.000000Z,1.16389,1.163895,1.16378,1.1638,17
2015-01-22T12:30:00.000000Z,1.163755,1.163865,1.163605,1.163865,43
2015-01-22T12:31:00.000000Z,1.163825,1.16385,1.163775,1.16385,17
2015-01-22T12:32:00.000000Z,1.163805,1.163805,1.16348,1.163785,53
2015-01-22T12:33:00.000000Z,1.16378,1.16378,1.163425,1.163445,30
2015-01-22T12:34:00.000000Z,1.163485,1.163485,1.163085,1.163155,55
2015-01-22T12:35:00.000000Z,1.16311,1.16337,1.1629,1.16309,72
2015-01-22T12:36:00.000000Z,1.16309,1.16309,1.162885,1.16289,40
2015-01-22T12:37:00.000000Z,1.162855,1.162915,1.162645,1.16265,16
2015-01-22T12:38:00.000000Z,1.162665,1.162665,1.162195,1.162235,56
2015-01-22T12:39:00.000000Z,1.162265,1.16271,1.16221,1.162295,58
2015-01-22T12:40:00.000000Z,1.1623,1.16252,1.162295,1.162435,51
2015-01-22T12:41:00.000000Z,1.162455,1.16306,1.162455,1.162925,70
2015-01-22T12:42:00.000000Z,1.16294,1.16298,1.16246,1.162635,57
2015-01-22T12:43:00.000000Z,1.16268,1.162695,1.16242,1.16269,176
2015-01-22T12:44:00.000000Z,1.162685,1.16307,1.15912,1.16307,546
2015-01-22T12:45:00.000000Z,1.16276,1.16526,1.16048,1.162815,1485
2015-01-22T12:46:00.000000Z,1.16279,1.16317,1.16209,1.162745,400
2015-01-22T12:47:00.000000Z,1.162685,1.16372,1.162655,1.16327,181
2015-01-22T12:48:00.000000Z,1.16323,1.16323,1.16206,1.16209,67
2015-01-22T12:49:00.000000Z,1.162135,1.163185,1.162045,1.16295,138
2015-01-22T12:50:00.000000Z,1.162995,1.16309,1.162645,1.162775,72
2015-01-22T12:51:00.000000Z,1.16278,1.163725,1.162775,1.163435,131
2015-01-22T12:52:00.000000Z,1.16348,1.163495,1.162785,1.162875,85
2015-01-22T12:53:00.000000Z,1.162875,1.162875,1.16262,1.162685,33
2015-01-22T12:54:00.000000Z,1.16265,1.16272,1.162375,1.162445,47
2015-01-22T12:55:00.000000Z,1.162415,1.162565,1.16232,1.16252,19
2015-01-22T12:56:00.000000Z,1.16255,1.16341,1.16255,1.16333,67
2015-01-22T12:57:00.000000Z,1.163295,1.16331,1.163115,1.16324,38
2015-01-22T12:58:00.000000Z,1.16325,1.16342,1.16325,1.163385,21
2015-01-22T12:59:00.000000Z,1.163415,1.163415,1.16304,1.16311,22
2015-01-22T13:00:00.000000Z,1.16306,1.16338,1.163015,1.163115,45
2015-01-22T13:01:00.000000Z,1.16308,1.16308,1.16267,1.16287,55
2015-01-22T13:02:00.000000Z,1.16287,1.16327,1.16287,1.163045,38
2015-01-22T13:03:00.000000Z,1.16304,1.16304,1.16281,1.16289,17
2015-01-22T13:04:00.000000Z,1.16286,1.16286,1.162425,1.162425,22
2015-01-22T13:05:00.000000Z,1.162425,1.162635,1.162415,1.162635,37
2015-01-22T13:06:00.000000Z,1.1626,1.162855,1.16256,1.162845,26
2015-01-22T13:07:00.000000Z,1.16288,1.16301,1.162545,1.162545,23
2015-01-22T13:08:00.000000Z,1.16251,1.162535,1.16241,1.162425,14
2015-01-22T13:09:00.000000Z,1.16237,1.16277,1.162185,1.162625,45
2015-01-22T13:10:00.000000Z,1.162665,1.163035,1.162465,1.16293,64
2015-01-22T13:11:00.000000Z,1.162885,1.163005,1.162625,1.163005,36
2015-01-22T13:12:00.000000Z,1.163005,1.16345,1.162975,1.163445,48
2015-01-22T13:13:00.000000Z,1.16348,1.16361,1.16256,1.16258,79
2015-01-22T13:14:00.000000Z,1.16261,1.16264,1.161585,1.16172,115
2015-01-22T13:15:00.000000Z,1.161725,1.162025,1.16165,1.161995,100
2015-01-22T13:16:00.000000Z,1.16199,1.16239,1.16179,1.162075,83
2015-01-22T13:17:00.000000Z,1.162115,1.16273,1.16207,1.162725,73
2015-01-22T13:18:00.000000Z,1.162755,1.16302,1.162435,1.162435,66
2015-01-22T13:19:00.000000Z,1.16244,1.162455,1.16213,1.162425,57
2015-01-22T13:20:00.000000Z,1.162455,1.16281,1.162395,1.162645,87
2015-01-22T13:21:00.000000Z,1.162615,1.162615,1.1619,1.16191,65
2015-01-22T13:22:00.000000Z,1.161935,1.162225,1.161925,1.162145,34
2015-01-22T13:23:00.000000Z,1.16218,1.162215,1.161975,1.161985,36
2015-01-22T13:24:00.000000Z,1.16199,1.16222,1.161675,1.161675,67
2015-01-22T13:25:00.000000Z,1.161625,1.161945,1.16162,1.16165,92
2015-01-22T13:26:00.000000Z,1.161615,1.161615,1.160905,1.160905,98
2015-01-22T13:27:00.000000Z,1.160915,1.16101,1.160325,1.160325,107
2015-01-22T13:28:00.000000Z,1.16033,1.160695,1.160315,1.16045,175
2015-01-22T13:29:00.000000Z,1.160465,1.16256,1.160455,1.162205,400
2015-01-22T13:30:00.000000Z,1.162215,1.16325,1.16096,1.16156,551
2015-01-22T13:31:00.000000Z,1.161565,1.161975,1.161265,1.16166,270
2015-01-22T13:32:00.000000Z,1.16164,1.16185,1.160515,1.161085,265
2015-01-22T13:33:00.000000Z,1.16109,1.161705,1.16106,1.16145,249
2015-01-22T13:34:00.000000Z,1.16144,1.161715,1.161095,1.16165,156
2015-01-22T13:35:00.000000Z,1.161655,1.161655,1.160935,1.161335,199
2015-01-22T13:36:00.000000Z,1.16134,1.161555,1.161035,1.161465,100
2015-01-22T13:37:00.000000Z,1.16146,1.162,1.16127,1.16186,170
2015-01-22T13:38:00.000000Z,1.16175,1.16192,1.161645,1.161795,63
2015-01-22T13:39:00.000000Z,1.161795,1.161795,1.1607,1.1607,115
2015-01-22T13:40:00.000000Z,1.160685,1.160685,1.151635,1.152065,996
2015-01-22T13:41:00.000000Z,1.151805,1.15506,1.151235,1.15447,1119
2015-01-22T13:42:00.000000Z,1.15442,1.15599,1.151905,1.154535,787
2015-01-22T13:43:00.000000Z,1.15454,1.15499,1.15294,1.153655,557
2015-01-22T13:44:00.000000Z,1.15354,1.16398,1.152995,1.163,848
2015-01-22T13:45:00.000000Z,1.16304,1.16305,1.15767,1.158225,848
2015-01-22T13:46:00.000000Z,1.15835,1.158555,1.154195,1.156255,699
2015-01-22T13:47:00.000000Z,1.156295,1.157655,1.15563,1.1559,559
2015-01-22T13:48:00.000000Z,1.155865,1.156465,1.15485,1.15621,475
2015-01-22T13:49:00.000000Z,1.156205,1.15645,1.1549,1.155015,372
2015-01-22T13:50:00.000000Z,1.155025,1.15601,1.15385,1.154125,351
2015-01-22T13:51:00.000000Z,1.154045,1.154045,1.152345,1.153355,403
2015-01-22T13:52:00.000000Z,1.153385,1.15451,1.153345,1.154425,409
2015-01-22T13:53:00.000000Z,1.15443,1.155695,1.154195,1.15551,338
2015-01-22T13:54:00.000000Z,1.155505,1.15755,1.155505,1.15751,372
2015-01-22T13:55:00.000000Z,1.157515,1.15762,1.15566,1.15678,423
2015-01-22T13:56:00.000000Z,1.156715,1.157005,1.15592,1.15612,365
2015-01-22T13:57:00.000000Z,1.156105,1.15629,1.15461,1.154865,337
2015-01-22T13:58:00.000000Z,1.154865,1.15546,1.154735,1.15508,219
2015-01-22T13:59:00.000000Z,1.15508,1.15661,1.15508,1.15626,239
2015-01-22T14:00:00.000000Z,1.156315,1.15662,1.155095,1.155095,342
2015-01-22T14:01:00.000000Z,1.155095,1.155375,1.15488,1.155225,271
2015-01-22T14:02:00.000000Z,1.155185,1.155185,1.153675,1.153675,197
2015-01-22T14:03:00.000000Z,1.153665,1.153665,1.152545,1.15334,336
2015-01-22T14:04:00.000000Z,1.15334,1.153735,1.15297,1.1533,245
2015-01-22T14:05:00.000000Z,1.153295,1.153295,1.15176,1.152115,335
2015-01-22T14:06:00.000000Z,1.15217,1.153355,1.152135,1.152965,300
2015-01-22T14:07:00.000000Z,1.15297,1.152975,1.15069,1.15116,357
2015-01-22T14:08:00.000000Z,1.15118,1.151365,1.149465,1.14994,437
2015-01-22T14:09:00.000000Z,1.14996,1.15013,1.14827,1.148895,455
2015-01-22T14:10:00.000000Z,1.148895,1.149065,1.14809,1.14902,326
2015-01-22T14:11:00.000000Z,1.149025,1.149905,1.148485,1.14863,406
2015-01-22T14:12:00.000000Z,1.14863,1.14863,1.14773,1.147945,297
2015-01-22T14:13:00.000000Z,1.14793,1.148325,1.14735,1.14762,387
2015-01-22T14:14:00.000000Z,1.147625,1.1486,1.147325,1.148235,314
2015-01-22T14:15:00.000000Z,1.148195,1.14881,1.148135,1.14814,277
2015-01-22T14:16:00.000000Z,1.1481,1.1481,1.146935,1.146935,366
2015-01-22T14:17:00.000000Z,1.14689,1.147825,1.14664,1.147475,242
2015-01-22T14:18:00.000000Z,1.147495,1.147625,1.146645,1.14728,215
2015-01-22T14:19:00.000000Z,1.14727,1.14731,1.146505,1.147175,214
2015-01-22T14:20:00.000000Z,1.14713,1.14852,1.14703,1.14811,260
2015-01-22T14:21:00.000000Z,1.14806,1.14943,1.14776,1.14918,276
2015-01-22T14:22:00.000000Z,1.149135,1.149425,1.148765,1.14902,202
2015-01-22T14:23:00.000000Z,1.148975,1.149055,1.148305,1.148445,176
2015-01-22T14:24:00.000000Z,1.1484,1.1486,1.147675,1.147725,152
2015-01-22T14:25:00.000000Z,1.147685,1.148075,1.146775,1.14734,151
2015-01-22T14:26:00.000000Z,1.14739,1.14746,1.14673,1.147205,236
2015-01-22T14:27:00.000000Z,1.1472,1.148055,1.147115,1.148055,155
2015-01-22T14:28:00.000000Z,1.14806,1.148625,1.14768,1.148395,212
2015-01-22T14:29:00.000000Z,1.1484,1.148595,1.14759,1.14813,151
2015-01-22T14:30:00.000000Z,1.148175,1.148465,1.14761,1.147955,148
2015-01-22T14:31:00.000000Z,1.14794,1.14807,1.14723,1.147325,142
2015-01-22T14:32:00.000000Z,1.147285,1.14759,1.147065,1.14747,125
2015-01-22T14:33:00.000000Z,1.1475,1.14808,1.14708,1.14808,138
2015-01-22T14:34:00.000000Z,1.148115,1.148775,1.14811,1.14866,165
2015-01-22T14:35:00.000000Z,1.14862,1.14862,1.14774,1.14799,158
2015-01-22T14:36:00.000000Z,1.148005,1.148665,1.148005,1.148665,104
2015-01-22T14:37:00.000000Z,1.148675,1.14948,1.148665,1.149455,141
2015-01-22T14:38:00.000000Z,1.14945,1.15181,1.14924,1.151135,316
2015-01-22T14:39:00.000000Z,1.151095,1.15181,1.150095,1.15101,288
2015-01-22T14:40:00.000000Z,1.151005,1.151075,1.15031,1.150865,243
2015-01-22T14:41:00.000000Z,1.150915,1.151645,1.150905,1.15091,242
2015-01-22T14:42:00.000000Z,1.15096,1.151255,1.150015,1.15065,204
2015-01-22T14:43:00.000000Z,1.150645,1.150685,1.149915,1.150245,142
2015-01-22T14:44:00.000000Z,1.150285,1.15066,1.14995,1.149995,187
2015-01-22T14:45:00.000000Z,1.14995,1.15022,1.14964,1.150055,210
2015-01-22T14:46:00.000000Z,1.150015,1.150095,1.149855,1.149985,72
2015-01-22T14:47:00.000000Z,1.149985,1.150415,1.14992,1.150285,100
2015-01-22T14:48:00.000000Z,1.15029,1.15044,1.149575,1.149775,114
2015-01-22T14:49:00.000000Z,1.149775,1.149775,1.14788,1.148605,160
2015-01-22T14:50:00.000000Z,1.14861,1.14865,1.14815,1.14841,130
2015-01-22T14:51:00.000000Z,1.14838,1.14838,1.14626,1.147055,272
2015-01-22T14:52:00.000000Z,1.147095,1.147765,1.14666,1.14691,267
2015-01-22T14:53:00.000000Z,1.146905,1.147235,1.145555,1.147215,390
2015-01-22T14:54:00.000000Z,1.14726,1.147565,1.14655,1.146595,170
2015-01-22T14:55:00.000000Z,1.1466,1.14675,1.146135,1.146605,183
2015-01-22T14:56:00.000000Z,1.14665,1.14691,1.145585,1.146115,213
2015-01-22T14:57:00.000000Z,1.146155,1.146165,1.14528,1.14573,194
2015-01-22T14:58:00.000000Z,1.145725,1.146275,1.145685,1.146085,133
2015-01-22T14:59:00.000000Z,1.14608,1.146705,1.14607,1.14633,128
2015-01-22T15:00:00.000000Z,1.146285,1.147065,1.145945,1.146895,190
2015-01-22T15:01:00.000000Z,1.14693,1.1473,1.14691,1.147275,97
2015-01-22T15:02:00.000000Z,1.14727,1.14727,1.14607,1.14654,156
2015-01-22T15:03:00.000000Z,1.14658,1.146965,1.146235,1.146395,119
2015-01-22T15:04:00.000000Z,1.14638,1.14718,1.146355,1.147055,97
2015-01-22T15:05:00.000000Z,1.147005,1.14747,1.14682,1.147455,98
2015-01-22T15:06:00.000000Z,1.14745,1.14842,1.14745,1.148135,149
2015-01-22T15:07:00.000000Z,1.148125,1.14846,1.147655,1.147785,106
2015-01-22T15:08:00.000000Z,1.147835,1.149065,1.14768,1.14899,197
2015-01-22T15:09:00.000000Z,1.14897,1.149155,1.14857,1.148575,123
2015-01-22T15:10:00.000000Z,1.148545,1.14856,1.14787,1.147875,78
2015-01-22T15:11:00.000000Z,1.147845,1.147965,1.14754,1.14776,79
2015-01-22T15:12:00.000000Z,1.14776,1.14778,1.14714,1.147645,98
2015-01-22T15:13:00.000000Z,1.14769,1.148685,1.14734,1.147425,203
2015-01-22T15:14:00.000000Z,1.147465,1.14785,1.146335,1.146335,205
2015-01-22T15:15:00.000000Z,1.14635,1.14685,1.14618,1.14638,118
2015-01-22T15:16:00.000000Z,1.146365,1.146895,1.146325,1.14638,146
2015-01-22T15:17:00.000000Z,1.14639,1.146805,1.14587,1.14627,217
2015-01-22T15:18:00.000000Z,1.146225,1.1464,1.145955,1.146085,177
2015-01-22T15:19:00.000000Z,1.14605,1.147105,1.146005,1.14708,138
2015-01-22T15:20:00.000000Z,1.14709,1.14735,1.146905,1.147015,138
2015-01-22T15:21:00.000000Z,1.14697,1.14708,1.14638,1.146515,181
2015-01-22T15:22:00.000000Z,1.146545,1.14682,1.146285,1.146345,142
2015-01-22T15:23:00.000000Z,1.14631,1.14684,1.14618,1.146795,103
2015-01-22T15:24:00.000000Z,1.14676,1.14684,1.145975,1.146365,122
2015-01-22T15:25:00.000000Z,1.14636,1.14636,1.145485,1.145675,180
2015-01-22T15:26:00.000000Z,1.14572,1.14584,1.14415,1.14495,326
2015-01-22T15:27:00.000000Z,1.144955,1.145945,1.144795,1.145565,118
2015-01-22T15:28:00.000000Z,1.14557,1.14626,1.145345,1.14593,152
2015-01-22T15:29:00.000000Z,1.14593,1.14593,1.145215,1.145645,133
2015-01-22T15:30:00.000000Z,1.14569,1.146405,1.14567,1.146305,125
2015-01-22T15:31:00.000000Z,1.14627,1.146605,1.146235,1.146335,95
2015-01-22T15:32:00.000000Z,1.14627,1.14647,1.14586,1.146175,92
2015-01-22T15:33:00.000000Z,1.146205,1.14631,1.145255,1.14548,110
2015-01-22T15:34:00.000000Z,1.14545,1.14611,1.145025,1.14588,127
2015-01-22T15:35:00.000000Z,1.145845,1.146085,1.145675,1.14578,73
2015-01-22T15:36:00.000000Z,1.145745,1.145745,1.144705,1.145555,194
2015-01-22T15:37:00.000000Z,1.145585,1.145945,1.145445,1.145945,113
2015-01-22T15:38:00.000000Z,1.14594,1.146015,1.14541,1.14576,104
2015-01-22T15:39:00.000000Z,1.145715,1.14634,1.14554,1.146335,101
2015-01-22T15:40:00.000000Z,1.14633,1.146355,1.14598,1.14632,31
2015-01-22T15:41:00.000000Z,1.14636,1.14658,1.1462,1.14635,81
2015-01-22T15:42:00.000000Z,1.14633,1.14633,1.145555,1.145635,76
2015-01-22T15:43:00.000000Z,1.145655,1.146,1.145585,1.14583,89
2015-01-22T15:44:00.000000Z,1.1458,1.146215,1.1458,1.14604,53
2015-01-22T15:45:00.000000Z,1.146,1.146,1.14519,1.14521,83
2015-01-22T15:46:00.000000Z,1.145195,1.14528,1.14494,1.14519,85
2015-01-22T15:47:00.000000Z,1.145185,1.145185,1.14436,1.14444,118
2015-01-22T15:48:00.000000Z,1.14447,1.14492,1.14443,1.14475,94
2015-01-22T15:49:00.000000Z,1.144755,1.144845,1.143135,1.14355,214
2015-01-22T15:50:00.000000Z,1.143595,1.143625,1.14301,1.143185,99
2015-01-22T15:51:00.000000Z,1.143205,1.14327,1.14243,1.142665,195
2015-01-22T15:52:00.000000Z,1.1427,1.142985,1.142385,1.1429,91
2015-01-22T15:53:00.000000Z,1.142895,1.14323,1.142825,1.14323,79
2015-01-22T15:54:00.000000Z,1.143245,1.143245,1.14241,1.14253,103
2015-01-22T15:55:00.000000Z,1.142575,1.142615,1.142155,1.142305,103
2015-01-22T15:56:00.000000Z,1.14231,1.142345,1.14185,1.14197,100
2015-01-22T15:57:00.000000Z,1.14199,1.142205,1.14185,1.141965,104
2015-01-22T15:58:00.000000Z,1.14196,1.14196,1.141405,1.141485,146
2015-01-22T15:59:00.000000Z,1.14149,1.14177,1.1414,1.141725,126
2015-01-22T16:00:00.000000Z,1.14174,1.142485,1.141615,1.14246,186
2015-01-22T16:01:00.000000Z,1.14242,1.14309,1.14242,1.142765,82
2015-01-22T16:02:00.000000Z,1.14272,1.143105,1.142685,1.142995,90
2015-01-22T16:03:00.000000Z,1.14296,1.14296,1.142285,1.14229,67
2015-01-22T16:04:00.000000Z,1.14226,1.142345,1.142075,1.142295,44
2015-01-22T16:05:00.000000Z,1.142335,1.14241,1.141965,1.14214,47
2015-01-22T16:06:00.000000Z,1.14217,1.14217,1.14165,1.14165,50
2015-01-22T16:07:00.000000Z,1.141615,1.141965,1.141615,1.141815,82
2015-01-22T16:08:00.000000Z,1.14182,1.14203,1.141615,1.14167,68
2015-01-22T16:09:00.000000Z,1.14169,1.141775,1.141575,1.14174,46
2015-01-22T16:10:00.000000Z,1.1417,1.141875,1.14156,1.14156,86
2015-01-22T16:11:00.000000Z,1.14158,1.141585,1.14056,1.14066,121
2015-01-22T16:12:00.000000Z,1.14069,1.14083,1.140425,1.14055,62
2015-01-22T16:13:00.000000Z,1.140545,1.141095,1.140545,1.141095,75
2015-01-22T16:14:00.000000Z,1.14109,1.14115,1.14085,1.14095,32
2015-01-22T16:15:00.000000Z,1.14098,1.141015,1.14085,1.140975,34
2015-01-22T16:16:00.000000Z,1.140975,1.1415,1.14097,1.14139,55
2015-01-22T16:17:00.000000Z,1.14142,1.14207,1.14142,1.14206,85
2015-01-22T16:18:00.000000Z,1.142045,1.142075,1.141455,1.14188,100
2015-01-22T16:19:00.000000Z,1.14191,1.141945,1.14141,1.141565,62
2015-01-22T16:20:00.000000Z,1.1416,1.14166,1.141165,1.14134,43
2015-01-22T16:21:00.000000Z,1.14131,1.14137,1.14093,1.14116,78
2015-01-22T16:22:00.000000Z,1.14112,1.14124,1.140975,1.14116,60
2015-01-22T16:23:00.000000Z,1.141125,1.141135,1.140625,1.1411,89
2015-01-22T16:24:00.000000Z,1.141065,1.141335,1.14098,1.14116,49
2015-01-22T16:25:00.000000Z,1.14119,1.14151,1.14111,1.141285,43
2015-01-22T16:26:00.000000Z,1.141305,1.141785,1.141245,1.141785,52
2015-01-22T16:27:00.000000Z,1.14182,1.14223,1.14161,1.14223,97
2015-01-22T16:28:00.000000Z,1.14223,1.14257,1.14209,1.14251,72
2015-01-22T16:29:00.000000Z,1.142545,1.142545,1.14205,1.142115,24
2015-01-22T16:30:00.000000Z,1.142145,1.142145,1.141395,1.141705,88
2015-01-22T16:31:00.000000Z,1.14174,1.142005,1.14174,1.14196,42
2015-01-22T16:32:00.000000Z,1.142,1.14258,1.142,1.142295,81
2015-01-22T16:33:00.000000Z,1.14226,1.142815,1.14226,1.142735,42
2015-01-22T16:34:00.000000Z,1.142785,1.14321,1.14274,1.142985,81
2015-01-22T16:35:00.000000Z,1.142985,1.143125,1.14221,1.142235,99
2015-01-22T16:36:00.000000Z,1.14219,1.142465,1.142075,1.142445,88
2015-01-22T16:37:00.000000Z,1.142405,1.14251,1.14224,1.14246,85
2015-01-22T16:38:00.000000Z,1.142425,1.14285,1.142235,1.14267,73
2015-01-22T16:39:00.000000Z,1.142675,1.14278,1.14262,1.14278,38
2015-01-22T16:40:00.000000Z,1.142815,1.14295,1.142815,1.142875,29
2015-01-22T16:41:00.000000Z,1.142845,1.142845,1.142215,1.14224,25
2015-01-22T16:42:00.000000Z,1.142235,1.142725,1.14222,1.14261,63
2015-01-22T16:43:00.000000Z,1.142565,1.142725,1.14248,1.14265,86
2015-01-22T16:44:00.000000Z,1.14267,1.14267,1.14252,1.14252,18
2015-01-22T16:45:00.000000Z,1.142475,1.14274,1.142445,1.142575,36
2015-01-22T16:46:00.000000Z,1.14258,1.14269,1.14258,1.14265,18
2015-01-22T16:47:00.000000Z,1.14268,1.1427,1.142305,1.142485,44
2015-01-22T16:48:00.000000Z,1.14252,1.142675,1.142275,1.142275,54
2015-01-22T16:49:00.000000Z,1.14223,1.14229,1.141975,1.142105,37
2015-01-22T16:50:00.000000Z,1.142125,1.142355,1.1421,1.142185,69
2015-01-22T16:51:00.000000Z,1.14215,1.14217,1.14189,1.141945,37
2015-01-22T16:52:00.000000Z,1.141915,1.141975,1.141695,1.14182,36
2015-01-22T16:53:00.000000Z,1.1418,1.1418,1.141355,1.141425,34
2015-01-22T16:54:00.000000Z,1.141445,1.14155,1.141295,1.1414,77
2015-01-22T16:55:00.000000Z,1.14136,1.1415,1.14117,1.141255,75
2015-01-22T16:56:00.000000Z,1.1413,1.141805,1.141275,1.141655,68
2015-01-22T16:57:00.000000Z,1.14165,1.141825,1.141135,1.141295,71
2015-01-22T16:58:00.000000Z,1.141295,1.141295,1.14098,1.141005,64
2015-01-22T16:59:00.000000Z,1.140965,1.14151,1.140795,1.14133,83
2015-01-22T17:00:00.000000Z,1.1413,1.1413,1.14084,1.14103,80
2015-01-22T17:01:00.000000Z,1.141035,1.14152,1.141035,1.141245,52
2015-01-22T17:02:00.000000Z,1.141215,1.141485,1.141175,1.141445,28
2015-01-22T17:03:00.000000Z,1.141415,1.141415,1.14109,1.141165,22
2015-01-22T17:04:00.000000Z,1.141195,1.14141,1.141,1.141,46
2015-01-22T17:05:00.000000Z,1.14097,1.141005,1.14088,1.140995,33
2015-01-22T17:06:00.000000Z,1.14096,1.14096,1.14067,1.14071,62
2015-01-22T17:07:00.000000Z,1.14074,1.141305,1.140685,1.141305,72
2015-01-22T17:08:00.000000Z,1.141345,1.14141,1.141065,1.141165,43
2015-01-22T17:09:00.000000Z,1.141165,1.141165,1.140645,1.140645,32
2015-01-22T17:10:00.000000Z,1.140615,1.141075,1.140335,1.141075,70
2015-01-22T17:11:00.000000Z,1.141105,1.14141,1.14058,1.14058,70
2015-01-22T17:12:00.000000Z,1.140585,1.140685,1.140565,1.140685,11
2015-01-22T17:13:00.000000Z,1.140685,1.140685,1.14021,1.14022,27
2015-01-22T17:14:00.000000Z,1.140225,1.140265,1.140225,1.140265,2
