2013-07-03T04:00:00.000000Z,130.6495,130.8025,128.649,129.7225,186036
2013-07-04T04:00:00.000000Z,129.7195,129.8565,128.8405,129.3285,140990
2013-07-05T04:00:00.000000Z,129.33,129.8945,128.5875,129.8195,131229
2013-07-07T04:00:00.000000Z,129.7355,130.1905,129.641,129.8005,34244
2013-07-08T04:00:00.000000Z,129.8005,130.185,129.4035,129.974,130212
2013-07-09T04:00:00.000000Z,129.973,130.563,128.7125,129.06,133888
2013-07-10T04:00:00.000000Z,129.0625,130.4375,128.02,129.642,261687
2013-07-11T04:00:00.000000Z,129.6405,129.9565,128.6445,129.564,225520
2013-07-12T04:00:00.000000Z,129.5645,129.942,128.908,129.651,124023
2013-07-14T04:00:00.000000Z,129.959,129.9735,129.4025,129.706,17952
2013-07-15T04:00:00.000000Z,129.7065,130.71,129.642,130.358,130541
2013-07-16T04:00:00.000000Z,130.3575,130.818,130.0425,130.546,145105
2013-07-17T04:00:00.000000Z,130.545,131.359,130.313,131.0115,157752
2013-07-18T04:00:00.000000Z,131.012,132.1025,130.917,131.406,161546
2013-07-19T04:00:00.000000Z,131.4055,132.293,131.272,132.241,102794
2013-07-21T04:00:00.000000Z,131.9795,132.244,131.147,131.5305,47391
2013-07-22T04:00:00.000000Z,131.532,131.8565,130.769,131.401,123986
2013-07-23T04:00:00.000000Z,131.4005,132.0255,131.093,131.764,124533
2013-07-24T04:00:00.000000Z,131.7645,132.7445,131.613,132.2605,144643
2013-07-25T04:00:00.000000Z,132.26,132.354,131.086,131.2585,165705
2013-07-26T04:00:00.000000Z,131.259,131.373,130.0875,130.464,113434
2013-07-28T04:00:00.000000Z,130.3105,130.6125,129.7705,130.004,37054
2013-07-29T04:00:00.000000Z,130.004,130.433,129.591,130.2995,130512
2013-07-30T04:00:00.000000Z,130.3,130.5225,129.813,130.0235,125783
2013-07-31T04:00:00.000000Z,130.023,130.792,129.338,130.543,187115
2013-08-01T04:00:00.000000Z,130.543,131.567,130.389,131.2875,161689
2013-08-02T04:00:00.000000Z,131.287,131.988,131.0765,131.384,125542
2013-08-04T04:00:00.000000Z,131.43,131.5645,131.073,131.1285,28437
2013-08-05T04:00:00.000000Z,131.129,131.2325,129.805,130.147,124232
2013-08-06T04:00:00.000000Z,130.1485,130.734,129.1385,129.299,143055
2013-08-07T04:00:00.000000Z,129.3,129.472,128.454,129.0105,164054
2013-08-08T04:00:00.000000Z,129.011,129.7155,128.2175,129.034,149738
2013-08-09T04:00:00.000000Z,129.036,129.4755,128.285,128.382,85538
2013-08-11T04:00:00.000000Z,128.308,128.7345,127.975,128.639,34952
2013-08-12T04:00:00.000000Z,128.6385,129.6235,128.294,129.522,106842
2013-08-13T04:00:00.000000Z,129.522,130.472,129.428,129.919,130353
2013-08-14T04:00:00.000000Z,129.9185,130.662,129.6695,129.938,134717
2013-08-15T04:00:00.000000Z,129.9385,130.7255,129.425,130.241,166596
2013-08-16T04:00:00.000000Z,130.241,130.432,129.813,129.9905,96086
2013-08-18T04:00:00.000000Z,130.1935,130.4265,129.8565,130.066,30851
2013-08-19T04:00:00.000000Z,130.0665,131.0365,129.9365,130.208,111861
2013-08-20T04:00:00.000000Z,130.207,130.9155,129.2915,130.519,144643
2013-08-21T04:00:00.000000Z,130.5185,131.193,130.2965,130.8985,151137
2013-08-22T04:00:00.000000Z,130.8975,132.3465,130.814,132.121,132748
2013-08-23T04:00:00.000000Z,132.1215,132.431,131.8765,132.14,101114
2013-08-25T04:00:00.000000Z,131.9405,132.3135,131.9285,132.055,23826
2013-08-26T04:00:00.000000Z,132.056,132.082,131.254,131.5625,87721
2013-08-27T04:00:00.000000Z,131.562,131.585,129.6605,129.9075,96738
2013-08-28T04:00:00.000000Z,129.9085,130.559,129.806,130.134,127992
2013-08-29T04:00:00.000000Z,130.1325,130.539,129.959,130.0475,128308
2013-08-30T04:00:00.000000Z,130.047,130.251,129.306,129.795,95690
2013-09-01T04:00:00.000000Z,130.0835,130.3165,129.7875,130.2695,31667
2013-09-02T04:00:00.000000Z,130.2695,131.483,130.1285,131.245,106212
2013-09-03T04:00:00.000000Z,131.243,131.402,130.648,131.1695,129677
2013-09-04T04:00:00.000000Z,131.17,131.824,130.811,131.485,108348
2013-09-05T04:00:00.000000Z,131.4855,132.147,130.875,131.085,143296
2013-09-06T04:00:00.000000Z,131.082,131.1885,129.896,130.635,115718
2013-09-08T04:00:00.000000Z,131.2575,131.8495,131.0415,131.272,36639
2013-09-09T04:00:00.000000Z,131.271,132.2295,130.985,132.0535,99376
2013-09-10T04:00:00.000000Z,132.0545,133.377,132.0465,133.3135,122831
2013-09-11T04:00:00.000000Z,133.314,133.358,132.3405,132.686,125599
2013-09-12T04:00:00.000000Z,132.686,132.687,131.7285,132.3355,123163
2013-09-13T04:00:00.000000Z,132.336,132.645,131.6645,132.0945,86957
2013-09-15T04:00:00.000000Z,131.767,132.3985,131.693,132.1625,29358
2013-09-16T04:00:00.000000Z,132.1615,132.426,131.878,132.343,89825
2013-09-17T04:00:00.000000Z,132.342,132.6445,132.1915,132.5305,80631
2013-09-18T04:00:00.000000Z,132.529,133.161,131.8675,133.146,149304
2013-09-19T04:00:00.000000Z,133.1465,134.9485,132.9455,134.367,127910
2013-09-20T04:00:00.000000Z,134.3675,134.709,134.1645,134.357,80534
2013-09-22T04:00:00.000000Z,134.473,134.493,133.98,134.07,15259
2013-09-23T04:00:00.000000Z,134.0725,134.161,133.093,133.288,94119
2013-09-24T04:00:00.000000Z,133.2895,134.0025,132.701,132.951,104852
2013-09-25T04:00:00.000000Z,132.9495,133.941,132.688,133.745,104300
2013-09-26T04:00:00.000000Z,133.745,133.918,132.96,133.159,96495
2013-09-27T04:00:00.000000Z,133.1585,133.5405,132.631,132.848,78157
2013-09-29T04:00:00.000000Z,131.7995,132.3105,131.7585,132.2665,31482
2013-09-30T04:00:00.000000Z,132.265,133.486,131.643,132.9685,116992
2013-10-01T04:00:00.000000Z,132.972,133.388,132.114,132.1485,133637
2013-10-02T04:00:00.000000Z,132.145,133.0175,131.4195,132.856,131517
2013-10-03T04:00:00.000000Z,132.8585,133.215,132.156,132.512,121636
2013-10-04T04:00:00.000000Z,132.5125,132.5575,131.7725,132.143,80845
2013-10-06T04:00:00.000000Z,131.885,132.0505,131.635,131.791,21169
2013-10-07T04:00:00.000000Z,131.79,131.871,131.139,131.4655,86748
2013-10-08T04:00:00.000000Z,131.4665,132.119,131.429,132.0575,101106
2013-10-09T04:00:00.000000Z,132.057,132.18,131.247,131.8985,113400
2013-10-10T04:00:00.000000Z,131.895,133.4515,131.819,133.3125,112086
2013-10-11T04:00:00.000000Z,133.3115,133.602,133.0375,133.526,71643
2013-10-13T04:00:00.000000Z,133.2675,133.365,133.074,133.335,14198
2013-10-14T04:00:00.000000Z,133.335,133.8345,133.145,133.5375,62051
2013-10-15T04:00:00.000000Z,133.537,133.6225,132.629,133.1415,119762
2013-10-16T04:00:00.000000Z,133.1425,133.8425,132.9775,133.5995,107984
2013-10-17T04:00:00.000000Z,133.6005,134.105,133.332,133.9565,113003
2013-10-18T04:00:00.000000Z,133.956,134.186,133.6115,133.742,64182
2013-10-20T04:00:00.000000Z,133.9135,134.1425,133.8,133.943,18510
2013-10-21T04:00:00.000000Z,133.94,134.4255,133.9385,134.3955,66407
2013-10-22T04:00:00.000000Z,134.3945,135.507,134.3355,134.488,92146
2013-10-23T04:00:00.000000Z,134.489,134.4895,133.6045,134.179,112075
2013-10-24T04:00:00.000000Z,134.1765,134.7965,134.0315,134.2495,98273
2013-10-25T04:00:00.000000Z,134.2475,134.5265,133.888,134.4365,76044
2013-10-27T04:00:00.000000Z,134.9585,134.9785,134.566,134.797,19059
2013-10-28T04:00:00.000000Z,134.797,134.933,134.2875,134.3435,75875
2013-10-29T04:00:00.000000Z,134.343,135.1735,134.266,134.849,96851
2013-10-30T04:00:00.000000Z,134.847,135.4535,134.811,135.0215,107510
2013-10-31T04:00:00.000000Z,135.0205,135.033,132.6895,132.7535,123152
2013-11-01T04:00:00.000000Z,132.7525,133.421,132.606,133.084,83433
2013-11-03T04:00:00.000000Z,133.3,133.3295,132.8535,133.112,18802
2013-11-04T05:00:00.000000Z,133.1115,133.3615,132.7045,132.8575,75057
2013-11-05T05:00:00.000000Z,132.8615,133.4575,132.3725,133.277,101204
2013-11-06T05:00:00.000000Z,133.2785,133.73,132.865,133.3245,87892
2013-11-07T05:00:00.000000Z,133.324,133.531,131.22,131.6,159643
2013-11-08T05:00:00.000000Z,131.6005,132.537,131.3145,132.44,103833
2013-11-10T05:00:00.000000Z,132.554,132.562,132.2045,132.2835,23070
2013-11-11T05:00:00.000000Z,132.2845,133.446,132.232,133.318,75260
2013-11-12T05:00:00.000000Z,133.3185,134.0095,133.1595,133.812,109102
2013-11-13T05:00:00.000000Z,133.8115,134.325,133.2285,134.216,130403
2013-11-14T05:00:00.000000Z,134.212,134.9365,134.104,134.834,120322
2013-11-15T05:00:00.000000Z,134.834,135.3175,134.492,135.2155,72121
2013-11-17T05:00:00.000000Z,135.3435,135.36,134.978,135.026,23002
2013-11-18T05:00:00.000000Z,135.022,135.3385,134.613,134.7715,96582
2013-11-19T05:00:00.000000Z,134.772,135.948,134.655,135.5585,113472
2013-11-20T05:00:00.000000Z,135.558,135.607,134.1125,134.728,135018
2013-11-21T05:00:00.000000Z,134.727,136.5525,134.714,136.152,130019
2013-11-22T05:00:00.000000Z,136.1515,137.343,136.0195,137.306,73163
2013-11-24T05:00:00.000000Z,137.2565,137.9355,137.019,137.876,30030
2013-11-25T05:00:00.000000Z,137.8755,137.991,137.099,137.273,97491
2013-11-26T05:00:00.000000Z,137.2735,138.099,137.173,138.0915,98767
2013-11-27T05:00:00.000000Z,138.0875,138.8405,137.77,138.614,103553
2013-11-28T05:00:00.000000Z,138.6145,139.7095,138.609,139.2275,92742
2013-11-29T05:00:00.000000Z,139.2295,139.4735,138.9675,139.199,78893
2013-12-01T05:00:00.000000Z,139.2745,139.5135,139.0345,139.267,25066
2013-12-02T05:00:00.000000Z,139.2675,139.935,139.051,139.828,109955
2013-12-03T05:00:00.000000Z,139.828,140.029,138.6915,139.3495,136547
2013-12-04T05:00:00.000000Z,139.349,139.6095,138.428,139.0315,149826
2013-12-05T05:00:00.000000Z,139.0325,139.573,138.467,139.288,154667
2013-12-06T05:00:00.000000Z,139.2875,141.0545,139.274,141.043,103768
2013-12-08T05:00:00.000000Z,141.285,141.5535,140.994,141.1955,30595
2013-12-09T05:00:00.000000Z,141.1925,142.123,141.062,142.04,94512
2013-12-10T05:00:00.000000Z,142.04,142.172,141.14,141.3695,106463
2013-12-11T05:00:00.000000Z,141.3705,141.6345,140.921,141.4685,115316
2013-12-12T05:00:00.000000Z,141.469,142.8275,141.3965,142.7215,132204
2013-12-13T05:00:00.000000Z,142.723,142.817,141.42,141.909,90366
2013-12-15T05:00:00.000000Z,141.8145,141.9205,141.222,141.439,31581
2013-12-16T05:00:00.000000Z,141.4395,142.128,141.2725,141.7995,94197
2013-12-17T05:00:00.000000Z,141.8,141.9405,140.9805,141.793,101372
2013-12-18T05:00:00.000000Z,141.7935,142.9055,141.394,142.0405,170066
2013-12-19T05:00:00.000000Z,142.041,142.601,142.0375,142.4455,114595
2013-12-20T05:00:00.000000Z,142.445,142.7465,142.102,142.313,89611
2013-12-22T05:00:00.000000Z,142.186,142.4865,142.1615,142.291,10013
2013-12-23T05:00:00.000000Z,142.2905,142.8835,142.097,142.7645,70870
2013-12-24T05:00:00.000000Z,142.764,142.772,142.465,142.6175,34936
2013-12-25T05:00:00.000000Z,142.7775,143.373,142.766,143.208,28001
2013-12-26T05:00:00.000000Z,143.2065,144.064,143.1855,143.8925,79791
2013-12-27T05:00:00.000000Z,143.893,145.6955,143.8835,144.562,92202
2013-12-29T05:00:00.000000Z,144.713,145.026,144.6295,144.6955,24923
2013-12-30T05:00:00.000000Z,144.6935,145.1715,144.5575,144.8765,76410
2013-12-31T05:00:00.000000Z,144.876,145.177,144.419,145.1325,45346
2014-01-01T05:00:00.000000Z,144.851,145.1295,144.717,144.742,24613
2014-01-02T05:00:00.000000Z,144.7415,144.8995,142.2315,142.385,144447
2014-01-03T05:00:00.000000Z,142.3835,142.7035,141.963,142.4695,87822
2014-01-05T05:00:00.000000Z,142.4895,142.662,141.5015,141.769,33627
2014-01-06T05:00:00.000000Z,141.768,142.783,141.536,142.3245,121634
2014-01-07T05:00:00.000000Z,142.3285,143.085,141.9925,143.079,112966
2014-01-08T05:00:00.000000Z,143.077,143.1725,142.1195,142.41,124630
2014-01-09T05:00:00.000000Z,142.4095,143.0365,142.0415,142.8315,112980
2014-01-10T05:00:00.000000Z,142.832,143.0775,142.058,142.415,101425
2014-01-12T05:00:00.000000Z,142.248,142.3605,141.222,141.444,28430
2014-01-13T05:00:00.000000Z,141.4435,141.5735,140.499,141.1425,118439
2014-01-14T05:00:00.000000Z,141.145,142.6325,141.093,142.3725,112316
2014-01-15T05:00:00.000000Z,142.372,142.913,141.795,142.6575,100831
2014-01-16T05:00:00.000000Z,142.6585,142.7465,141.7085,142.1225,97769
2014-01-17T05:00:00.000000Z,142.1225,142.139,140.9785,141.259,70730
2014-01-19T05:00:00.000000Z,141.078,141.186,140.324,140.7705,29235
2014-01-20T05:00:00.000000Z,140.768,141.8345,140.7565,141.7215,73832
2014-01-21T05:00:00.000000Z,141.724,141.8595,141.0375,141.3285,105647
2014-01-22T05:00:00.000000Z,141.3285,141.926,141.1185,141.279,102450
2014-01-23T05:00:00.000000Z,141.278,142.417,141.03,141.2925,141276
2014-01-24T05:00:00.000000Z,141.295,141.7565,139.759,140.024,143955
2014-01-26T05:00:00.000000Z,139.8165,140.3105,139.181,140.2035,40524
2014-01-27T05:00:00.000000Z,140.203,140.698,139.7905,140.4535,139045
2014-01-28T05:00:00.000000Z,140.454,141.273,140.291,140.9545,114541
2014-01-29T05:00:00.000000Z,140.953,141.256,139.0425,139.8575,172920
2014-01-30T05:00:00.000000Z,139.8615,139.894,138.6915,138.7655,134194
2014-01-31T05:00:00.000000Z,138.765,139.2305,137.5085,137.607,125481
2014-02-02T05:00:00.000000Z,137.545,138.1085,137.486,138.0015,29976
2014-02-03T05:00:00.000000Z,138.0015,138.025,136.3565,136.802,164378
2014-02-04T05:00:00.000000Z,136.8025,137.5445,136.2325,137.07,145400
2014-02-05T05:00:00.000000Z,137.069,137.585,136.557,137.388,137200
2014-02-06T05:00:00.000000Z,137.3885,138.832,136.754,138.6875,123511
2014-02-07T05:00:00.000000Z,138.6905,139.6075,138.168,139.55,105217
2014-02-09T05:00:00.000000Z,139.626,139.8035,139.405,139.5495,22608
2014-02-10T05:00:00.000000Z,139.5485,139.7975,139.1685,139.6745,76346
2014-02-11T05:00:00.000000Z,139.675,140.3145,139.28,139.7815,99206
2014-02-12T05:00:00.000000Z,139.7815,139.898,138.6785,139.037,97977
2014-02-13T05:00:00.000000Z,139.036,140.067,138.8805,139.3255,116065
2014-02-14T05:00:00.000000Z,139.326,139.6925,138.9905,139.3975,70847
2014-02-16T05:00:00.000000Z,139.3375,139.4655,138.957,139.282,27410
2014-02-17T05:00:00.000000Z,139.2835,140.7155,139.214,140.593,78685
2014-02-18T05:00:00.000000Z,140.5925,141.0385,140.261,140.739,95006
2014-02-19T05:00:00.000000Z,140.744,140.874,139.999,140.2305,102748
2014-02-20T05:00:00.000000Z,140.232,140.6715,139.196,140.609,104437
2014-02-21T05:00:00.000000Z,140.6085,141.2705,140.3165,140.8075,66603
2014-02-23T05:00:00.000000Z,140.7655,141.046,140.3465,140.4585,23301
2014-02-24T05:00:00.000000Z,140.4585,141.011,140.3895,140.8595,80832
2014-02-25T05:00:00.000000Z,140.8595,140.89,140.1355,140.582,93105
2014-02-26T05:00:00.000000Z,140.5825,140.786,139.6565,140.068,94818
2014-02-27T05:00:00.000000Z,140.0665,140.1955,138.7905,139.2085,94532
2014-02-28T05:00:00.000000Z,139.2085,141.1205,139.1205,140.488,100233
2014-03-02T05:00:00.000000Z,139.645,140.082,139.47,139.759,31073
2014-03-03T05:00:00.000000Z,139.7575,139.884,139.1545,139.618,100733
2014-03-04T05:00:00.000000Z,139.6155,140.583,139.5705,140.3865,92226
2014-03-05T05:00:00.000000Z,140.3845,141.0295,140.1965,140.966,88910
2014-03-06T05:00:00.000000Z,140.9665,142.9965,140.8745,142.711,103686
2014-03-07T05:00:00.000000Z,142.7105,143.794,142.5995,143.297,79609
2014-03-09T05:00:00.000000Z,142.98,143.394,142.958,143.1935,20476
2014-03-10T04:00:00.000000Z,143.193,143.6195,142.8525,143.2255,72320
2014-03-11T04:00:00.000000Z,143.2265,143.3355,142.3845,142.7315,84919
2014-03-12T04:00:00.000000Z,142.7295,142.9885,142.24,142.814,87094
2014-03-13T04:00:00.000000Z,142.814,143.384,140.715,140.947,128501
2014-03-14T04:00:00.000000Z,140.9475,141.514,140.4465,140.9885,97008
2014-03-16T04:00:00.000000Z,140.8505,141.2705,140.801,141.1895,19395
2014-03-17T04:00:00.000000Z,141.1895,141.9775,140.95,141.792,83853
2014-03-18T04:00:00.000000Z,141.7915,141.9035,140.746,141.1245,96988
2014-03-19T04:00:00.000000Z,141.1245,141.926,141.0975,141.545,109969
2014-03-20T04:00:00.000000Z,141.5455,141.716,140.823,141.069,82621
2014-03-21T04:00:00.000000Z,141.073,141.298,140.4395,141.016,59320
2014-03-23T04:00:00.000000Z,140.952,141.498,140.9005,141.4,18155
2014-03-24T04:00:00.000000Z,141.4005,141.8865,140.7285,141.5165,86521
2014-03-25T04:00:00.000000Z,141.517,141.5965,140.696,141.294,92601
2014-03-26T04:00:00.000000Z,141.293,141.3975,140.2715,140.618,87998
2014-03-27T04:00:00.000000Z,140.619,141.0405,140.1795,140.429,98776
2014-03-28T04:00:00.000000Z,140.429,141.653,139.96,141.405,69280
2014-03-30T04:00:00.000000Z,141.7155,141.7165,141.3525,141.431,16193
2014-03-31T04:00:00.000000Z,141.434,142.605,141.3225,142.233,96284
2014-04-01T04:00:00.000000Z,142.234,143.4475,142.164,143.328,78436
2014-04-02T04:00:00.000000Z,143.328,143.4805,142.725,143.0605,76556
2014-04-03T04:00:00.000000Z,143.061,143.447,142.3065,142.477,87714
2014-04-04T04:00:00.000000Z,142.4785,142.549,141.388,141.557,86467
2014-04-06T04:00:00.000000Z,141.473,141.6645,141.379,141.4345,12236
2014-04-07T04:00:00.000000Z,141.4345,141.898,141.1215,141.4945,76617
2014-04-08T04:00:00.000000Z,141.495,141.5395,140.081,140.6125,108619
2014-04-09T04:00:00.000000Z,140.6115,141.5545,140.596,140.9605,88808
2014-04-10T04:00:00.000000Z,140.9645,141.3795,140.598,141.2,104477
2014-04-11T04:00:00.000000Z,141.2,141.5585,140.649,141.114,79856
2014-04-13T04:00:00.000000Z,140.687,140.838,140.427,140.698,19868
2014-04-14T04:00:00.000000Z,140.696,140.929,140.453,140.7435,77572
2014-04-15T04:00:00.000000Z,140.7405,141.3115,140.235,141.2135,95466
2014-04-16T04:00:00.000000Z,141.215,141.7645,140.987,141.096,78412
2014-04-17T04:00:00.000000Z,141.0955,141.656,141.095,141.4795,61568
2014-04-18T04:00:00.000000Z,141.4785,141.595,141.402,141.457,13495
2014-04-20T04:00:00.000000Z,141.5115,141.8285,141.4515,141.6935,12138
2014-04-21T04:00:00.000000Z,141.695,141.8215,141.4125,141.607,32340
2014-04-22T04:00:00.000000Z,141.6065,141.7855,141.2165,141.6875,60494
2014-04-23T04:00:00.000000Z,141.687,142.001,141.1865,141.4075,70258
2014-04-24T04:00:00.000000Z,141.408,141.7995,141.0495,141.5835,75844
2014-04-25T04:00:00.000000Z,141.5835,141.623,141.035,141.3695,48640
2014-04-27T04:00:00.000000Z,141.5005,141.5025,140.9955,141.207,13443
2014-04-28T04:00:00.000000Z,141.2075,142.1485,141.1845,142.08,72908
2014-04-29T04:00:00.000000Z,142.08,142.4765,141.279,141.3535,73090
2014-04-30T04:00:00.000000Z,141.354,142.169,141.1275,141.862,91138
2014-05-01T04:00:00.000000Z,141.862,142.0145,141.7595,141.873,42385
2014-05-02T04:00:00.000000Z,141.873,142.432,141.646,141.811,71749
2014-05-04T04:00:00.000000Z,141.851,141.872,141.293,141.4405,11430
2014-05-05T04:00:00.000000Z,141.4405,141.784,141.3645,141.6415,42245
2014-05-06T04:00:00.000000Z,141.6405,142.0925,141.36,141.494,76919
2014-05-07T04:00:00.000000Z,141.494,142.0085,141.1565,141.7335,78397
2014-05-08T04:00:00.000000Z,141.739,142.3725,140.527,140.7215,103008
2014-05-09T04:00:00.000000Z,140.7215,140.8075,139.8855,140.16,57639
2014-05-11T04:00:00.000000Z,140.1245,140.382,140.039,140.294,15296
2014-05-12T04:00:00.000000Z,140.293,140.7295,140.18,140.6915,51968
2014-05-13T04:00:00.000000Z,140.692,140.945,139.9385,140.136,75051
2014-05-14T04:00:00.000000Z,140.135,140.2805,139.462,139.7335,69639
2014-05-15T04:00:00.000000Z,139.7325,139.871,138.9785,139.1475,99536
2014-05-16T04:00:00.000000Z,139.147,139.44,138.7845,139.016,55866
2014-05-18T04:00:00.000000Z,139.0525,139.273,139.0005,139.0865,12633
2014-05-19T04:00:00.000000Z,139.086,139.3155,138.6135,139.246,71219
2014-05-20T04:00:00.000000Z,139.25,139.2525,138.5475,138.6185,62746
2014-05-21T04:00:00.000000Z,138.617,139.0235,138.1445,138.9995,85857
2014-05-22T04:00:00.000000Z,138.999,139.1305,138.676,138.871,70123
2014-05-23T04:00:00.000000Z,138.869,139.0865,138.601,138.951,61136
2014-05-25T04:00:00.000000Z,138.847,139.076,138.7315,138.791,10159
2014-05-26T04:00:00.000000Z,138.7915,139.3645,138.7675,139.2595,34323
2014-05-27T04:00:00.000000Z,139.26,139.2725,138.822,139.004,56359
2014-05-28T04:00:00.000000Z,139.0055,139.0165,138.218,138.377,61709
2014-05-29T04:00:00.000000Z,138.3765,138.522,137.98,138.172,62717
2014-05-30T04:00:00.000000Z,138.1725,138.881,138.112,138.701,49026
2014-06-01T04:00:00.000000Z,138.922,139.1225,138.673,139.0385,12343
2014-06-02T04:00:00.000000Z,139.04,139.349,138.689,139.302,61348
2014-06-03T04:00:00.000000Z,139.302,139.9605,139.077,139.877,57901
2014-06-04T04:00:00.000000Z,139.8755,139.932,139.4185,139.4535,61181
2014-06-05T04:00:00.000000Z,139.453,139.988,138.676,139.7695,91688
2014-06-06T04:00:00.000000Z,139.7655,139.9435,139.386,139.818,56812
2014-06-08T04:00:00.000000Z,139.8505,140.093,139.8325,139.9125,8762
2014-06-09T04:00:00.000000Z,139.911,139.9645,139.0665,139.0775,44584
2014-06-10T04:00:00.000000Z,139.078,139.174,138.2935,138.4005,56771
2014-06-11T04:00:00.000000Z,138.403,138.603,137.8725,138.285,56912
2014-06-12T04:00:00.000000Z,138.2835,138.3135,137.725,138.109,67767
2014-06-13T04:00:00.000000Z,138.1095,138.5575,137.975,138.205,53003
2014-06-15T04:00:00.000000Z,138.209,138.247,137.7895,137.811,9538
2014-06-16T04:00:00.000000Z,137.8095,138.4615,137.709,138.299,49936
2014-06-17T04:00:00.000000Z,138.2975,138.5445,138.218,138.429,43678
2014-06-18T04:00:00.000000Z,138.425,138.785,138.4085,138.526,64475
2014-06-19T04:00:00.000000Z,138.527,138.8895,138.429,138.7115,50385
2014-06-20T04:00:00.000000Z,138.712,138.8945,138.5455,138.817,33880
2014-06-22T04:00:00.000000Z,138.7745,138.8245,138.664,138.692,8623
2014-06-23T04:00:00.000000Z,138.6915,138.7895,138.287,138.5455,37750
2014-06-24T04:00:00.000000Z,138.5455,138.9305,138.517,138.67,46821
2014-06-25T04:00:00.000000Z,138.6695,138.9055,138.6065,138.7105,45114
2014-06-26T04:00:00.000000Z,138.711,138.814,137.9225,138.0875,50797
2014-06-27T04:00:00.000000Z,138.0835,138.4975,137.985,138.419,34550
2014-06-29T04:00:00.000000Z,138.3685,138.452,138.192,138.237,7017
2014-06-30T04:00:00.000000Z,138.2375,138.98,138.107,138.9,44731
2014-07-01T04:00:00.000000Z,138.8985,139.136,138.769,138.973,41429
2014-07-02T04:00:00.000000Z,138.9745,139.184,138.548,139.0275,44002
2014-07-03T04:00:00.000000Z,139.0275,139.284,138.932,138.9715,52577
2014-07-04T04:00:00.000000Z,138.972,138.9765,138.586,138.781,19729
2014-07-06T04:00:00.000000Z,138.7605,138.838,138.71,138.754,7050
2014-07-07T04:00:00.000000Z,138.7545,138.7705,138.382,138.5295,34796
2014-07-08T04:00:00.000000Z,138.5255,138.5515,138.1135,138.3425,36858
2014-07-09T04:00:00.000000Z,138.342,138.764,138.304,138.534,43020
2014-07-10T04:00:00.000000Z,138.5325,138.584,137.5005,137.7615,51697
2014-07-11T04:00:00.000000Z,137.7585,138.0505,137.6785,137.88,30162
2014-07-13T04:00:00.000000Z,137.879,137.947,137.824,137.9,6280
2014-07-14T04:00:00.000000Z,137.899,138.451,137.8695,138.3315,33877
2014-07-15T04:00:00.000000Z,138.331,138.421,137.889,137.997,51877
2014-07-16T04:00:00.000000Z,137.9965,138.0085,137.344,137.363,38723
2014-07-17T04:00:00.000000Z,137.3605,137.4235,136.7165,137.0575,55334
2014-07-18T04:00:00.000000Z,137.0595,137.293,136.7725,137.093,37721
2014-07-20T04:00:00.000000Z,137.0975,137.1625,137.0285,137.0355,5830
2014-07-21T04:00:00.000000Z,137.034,137.344,136.893,137.255,34199
2014-07-22T04:00:00.000000Z,137.256,137.342,136.468,136.5395,47512
2014-07-23T04:00:00.000000Z,136.5425,136.763,136.4115,136.651,45038
2014-07-24T04:00:00.000000Z,136.6495,137.195,136.367,137.0305,43423
2014-07-25T04:00:00.000000Z,137.0345,137.2515,136.653,136.7755,34482
2014-07-27T04:00:00.000000Z,136.7315,136.7775,136.6425,136.7215,6685
2014-07-28T04:00:00.000000Z,136.7245,136.987,136.7015,136.976,29874
2014-07-29T04:00:00.000000Z,136.978,137.107,136.7595,136.9065,42459
2014-07-30T04:00:00.000000Z,136.906,137.86,136.864,137.6735,64692
2014-07-31T04:00:00.000000Z,137.675,137.85,137.513,137.76,55293
2014-08-01T04:00:00.000000Z,137.76,138.059,137.571,137.828,57007
2014-08-03T04:00:00.000000Z,137.7225,137.8165,137.6285,137.803,3271
2014-08-04T04:00:00.000000Z,137.8025,137.911,137.4275,137.672,36311
2014-08-05T04:00:00.000000Z,137.6715,137.6905,137.043,137.1045,51359
2014-08-06T04:00:00.000000Z,137.103,137.162,136.162,136.796,64700
2014-08-07T04:00:00.000000Z,136.792,137.1245,135.731,135.9425,70384
2014-08-08T04:00:00.000000Z,135.9425,136.9485,135.852,136.835,53549
2014-08-10T04:00:00.000000Z,137.031,137.048,136.751,136.8755,1682
2014-08-11T04:00:00.000000Z,136.879,136.9185,136.599,136.7785,6164
2014-08-12T04:00:00.000000Z,136.7805,136.821,136.371,136.7345,7616
2014-08-13T04:00:00.000000Z,136.7325,137.1795,136.636,137.07,8530
2014-08-14T04:00:00.000000Z,137.076,137.247,136.7965,136.994,7879
2014-08-15T04:00:00.000000Z,136.9975,137.6255,136.77,137.166,10609
2014-08-17T04:00:00.000000Z,137.0285,137.195,136.9725,137.052,1362
2014-08-18T04:00:00.000000Z,137.0475,137.2675,136.9055,137.058,5115
2014-08-19T04:00:00.000000Z,137.0535,137.33,136.815,137.292,8065
2014-08-20T04:00:00.000000Z,137.298,137.7355,137.1465,137.6125,11373
2014-08-21T04:00:00.000000Z,137.608,138.0035,137.5435,137.85,7684
2014-08-22T04:00:00.000000Z,137.8435,137.925,137.3135,137.6505,11310
2014-08-24T04:00:00.000000Z,137.601,137.6745,137.4155,137.624,2549
2014-08-25T04:00:00.000000Z,137.623,137.6615,137.0185,137.1295,7086
2014-08-26T04:00:00.000000Z,137.1235,137.418,136.818,136.8385,8480
2014-08-27T04:00:00.000000Z,136.845,137.298,136.7455,137.1135,9220
2014-08-28T04:00:00.000000Z,137.1165,137.218,136.419,136.8025,10507
2014-08-29T04:00:00.000000Z,136.809,137.191,136.5825,136.692,8027
2014-08-31T04:00:00.000000Z,136.7845,136.836,136.6685,136.6805,1103
2014-09-01T04:00:00.000000Z,136.6735,137.5455,136.6735,137.4895,4898
2014-09-02T04:00:00.000000Z,137.4955,138.259,137.4505,138.179,8872
2014-09-03T04:00:00.000000Z,138.1715,138.2845,137.6845,137.8195,11515
2014-09-04T04:00:00.000000Z,137.8135,138.0105,135.9665,136.2385,18857
2014-09-05T04:00:00.000000Z,136.2415,136.3605,135.8185,136.112,11546
2014-09-07T04:00:00.000000Z,136.046,136.3165,135.9185,135.9465,2326
2014-09-08T04:00:00.000000Z,135.9415,136.9965,135.8865,136.7555,12409
2014-09-09T04:00:00.000000Z,136.7515,137.5475,136.7405,137.466,13797
2014-09-10T04:00:00.000000Z,137.4595,138.1705,137.4415,137.8755,16316
2014-09-11T04:00:00.000000Z,137.8715,138.7395,137.8365,138.6925,16259
2014-09-12T04:00:00.000000Z,138.6965,139.2015,138.4435,139.1575,11613
2014-09-14T04:00:00.000000Z,139.081,139.187,138.9245,138.9385,1650
2014-09-15T04:00:00.000000Z,138.9335,139.0615,138.4635,138.6665,10306
2014-09-16T04:00:00.000000Z,138.6705,138.9725,138.5305,138.8385,13007
2014-09-17T04:00:00.000000Z,138.8345,139.802,138.7935,139.7745,25430
2014-09-18T04:00:00.000000Z,139.7785,141.222,139.7555,141.12,22501
2014-09-19T04:00:00.000000Z,141.1245,141.2265,139.684,139.902,14903
2014-09-21T04:00:00.000000Z,139.936,140.13,139.761,139.9025,3659
2014-09-22T04:00:00.000000Z,139.8995,140.2065,139.6345,139.791,12164
2014-09-23T04:00:00.000000Z,139.796,140.2195,139.2685,139.6245,17458
2014-09-24T04:00:00.000000Z,139.621,139.7035,139.0005,139.3265,16764
2014-09-25T04:00:00.000000Z,139.323,139.428,138.387,138.8375,23411
2014-09-26T04:00:00.000000Z,138.8435,139.0885,138.5235,138.626,14371
2014-09-28T04:00:00.000000Z,138.6335,138.8085,138.5675,138.7085,5105
2014-09-29T04:00:00.000000Z,138.7035,139.14,138.6605,138.747,17473
2014-09-30T04:00:00.000000Z,138.753,138.87,137.94,138.6485,23459
2014-10-01T04:00:00.000000Z,138.655,138.694,137.3,137.562,27872
2014-10-02T04:00:00.000000Z,137.57,137.8845,136.8725,137.694,33535
2014-10-03T04:00:00.000000Z,137.698,137.854,137.112,137.35,18896
2014-10-05T04:00:00.000000Z,137.308,137.474,137.159,137.2135,2986
2014-10-06T04:00:00.000000Z,137.2125,137.7755,137.05,137.6745,22920
2014-10-07T04:00:00.000000Z,137.683,137.684,136.5595,136.9325,32902
2014-10-08T04:00:00.000000Z,136.931,137.9395,136.6825,137.543,32094
2014-10-09T04:00:00.000000Z,137.5395,137.7695,136.65,136.889,32556
2014-10-10T04:00:00.000000Z,136.886,136.9845,135.8455,135.971,21508
2014-10-12T04:00:00.000000Z,135.853,136.029,135.548,136.008,6138
2014-10-13T04:00:00.000000Z,136.0005,136.552,135.879,136.3915,23092
2014-10-14T04:00:00.000000Z,136.399,136.429,135.038,135.5385,26541
2014-10-15T04:00:00.000000Z,135.542,136.239,135.1375,135.9945,57715
2014-10-16T04:00:00.000000Z,136,136.417,134.14,135.856,48648
2014-10-17T04:00:00.000000Z,135.8505,136.7215,135.7535,136.339,22766
2014-10-19T04:00:00.000000Z,136.7135,137.0155,136.4775,136.991,5357
2014-10-20T04:00:00.000000Z,136.9945,137.0055,136.2775,136.539,21547
2014-10-21T04:00:00.000000Z,136.532,136.801,135.694,136.0535,23782
2014-10-22T04:00:00.000000Z,136.046,136.2075,135.4335,135.6435,21356
2014-10-23T04:00:00.000000Z,135.6465,137.01,135.2115,136.6675,24469
2014-10-24T04:00:00.000000Z,136.6605,137.0825,136.494,137.0625,16535
2014-10-26T04:00:00.000000Z,137.3615,137.3665,136.951,137.2195,8256
2014-10-27T04:00:00.000000Z,137.227,137.26,136.5905,137.0235,44759
2014-10-28T04:00:00.000000Z,137.0205,137.8115,136.9075,137.7505,40822
2014-10-29T04:00:00.000000Z,137.7495,138.029,137.408,137.6045,53550
2014-10-30T04:00:00.000000Z,137.6105,138.0675,137.0385,137.881,61949
2014-10-31T04:00:00.000000Z,137.8805,140.8005,137.7725,140.676,96848
2014-11-02T04:00:00.000000Z,140.984,141.406,140.394,140.7415,22054
2014-11-03T05:00:00.000000Z,140.7385,142.562,140.6535,142.0885,72606
2014-11-04T05:00:00.000000Z,142.096,143.265,141.705,143.182,66764
2014-11-05T05:00:00.000000Z,143.189,144.2225,142.8415,143.15,97392
2014-11-06T05:00:00.000000Z,143.1495,143.6075,142.189,142.8165,89499
2014-11-07T05:00:00.000000Z,142.816,143.114,142.25,142.715,70870
2014-11-09T05:00:00.000000Z,142.843,142.866,142.3585,142.479,17344
2014-11-10T05:00:00.000000Z,142.475,143.221,142.0885,143.152,48965
2014-11-11T05:00:00.000000Z,143.148,144.7,143.043,144.1325,29735
2014-11-12T05:00:00.000000Z,144.136,144.245,143.3525,143.979,30319
2014-11-13T05:00:00.000000Z,143.982,144.8345,143.752,144.3975,24740
2014-11-14T05:00:00.000000Z,144.3935,145.844,144.3415,145.623,23757
2014-11-16T05:00:00.000000Z,145.9805,146.5285,145.099,145.3065,14990
2014-11-17T05:00:00.000000Z,145.3015,145.5105,144.7945,145.4035,23596
2014-11-18T05:00:00.000000Z,145.408,146.966,145.347,146.895,28921
2014-11-19T05:00:00.000000Z,146.896,148.6905,146.8015,148.649,28882
2014-11-20T05:00:00.000000Z,148.655,149.1385,147.464,147.881,39490
2014-11-21T05:00:00.000000Z,147.881,148.0405,145.6835,146.012,28205
2014-11-23T05:00:00.000000Z,145.7865,146.2025,145.5895,146.165,4492
2014-11-24T05:00:00.000000Z,146.1595,147.3935,146.0405,146.503,24341
2014-11-25T05:00:00.000000Z,146.4995,147.209,146.3015,146.9665,22522
2014-11-26T05:00:00.000000Z,146.972,147.42,146.5045,146.7495,23183
2014-11-27T05:00:00.000000Z,146.7535,147.315,146.4285,147.231,17246
2014-11-28T05:00:00.000000Z,147.2365,147.974,146.891,147.685,16606
2014-11-30T05:00:00.000000Z,148.013,148.109,147.749,148.064,6072
2014-12-01T05:00:00.000000Z,148.061,148.1585,147.093,147.6665,31572
2014-12-02T05:00:00.000000Z,147.67,148.1995,147.544,147.658,21337
2014-12-03T05:00:00.000000Z,147.6565,147.6575,147.0365,147.5375,24286
2014-12-04T05:00:00.000000Z,147.5385,148.9525,147.2975,148.592,36143
2014-12-05T05:00:00.000000Z,148.597,149.518,148.5175,149.254,27747
2014-12-07T05:00:00.000000Z,149.3975,149.7855,149.235,149.3255,6759
2014-12-08T05:00:00.000000Z,149.329,149.419,147.786,147.9635,30005
2014-12-09T05:00:00.000000Z,147.967,148.3735,146.802,147.3245,51039
2014-12-10T05:00:00.000000Z,147.319,147.7635,146.4285,147.1265,48212
2014-12-11T05:00:00.000000Z,147.1265,148.0605,146.9575,147.103,43370
2014-12-12T05:00:00.000000Z,147.1085,148.1815,146.955,148.049,34998
2014-12-14T05:00:00.000000Z,148.073,148.244,146.836,147.629,22291
2014-12-15T05:00:00.000000Z,147.6305,147.904,146.1415,146.291,46304
2014-12-16T05:00:00.000000Z,146.2855,147.03,144.963,146.006,82667
2014-12-17T05:00:00.000000Z,146.011,146.775,145.343,146.268,65804
2014-12-18T05:00:00.000000Z,146.268,146.513,145.5985,146.3595,48599
2014-12-19T05:00:00.000000Z,146.36,146.7455,145.939,146.179,29535
2014-12-21T05:00:00.000000Z,146.113,146.3615,145.9555,146.3225,6420
2014-12-22T05:00:00.000000Z,146.3165,147.1215,146.2745,146.9615,17662
2014-12-23T05:00:00.000000Z,146.962,147.1395,146.4465,146.5445,19962
2014-12-24T05:00:00.000000Z,146.5395,147.1445,146.5065,146.8825,10196
2014-12-25T05:00:00.000000Z,146.855,147.118,146.7675,146.8275,12649
2014-12-26T05:00:00.000000Z,146.8275,146.888,146.4815,146.6235,9749
2014-12-28T05:00:00.000000Z,146.639,146.979,146.528,146.6655,7862
2014-12-29T05:00:00.000000Z,146.6605,147.223,146.071,146.2305,22091
2014-12-30T05:00:00.000000Z,146.225,146.2555,144.77,145.331,24530
2014-12-31T05:00:00.000000Z,145.3345,145.5785,144.822,145.0745,11341
2015-01-01T05:00:00.000000Z,144.968,145.2215,144.7745,145.1665,4635
2015-01-02T05:00:00.000000Z,145.163,145.325,144.126,144.612,18673
2015-01-04T05:00:00.000000Z,144.063,144.1335,143.126,143.948,9742
2015-01-05T05:00:00.000000Z,143.944,144.163,142.267,142.481,32572
2015-01-06T05:00:00.000000Z,142.475,142.4815,140.572,141.3745,47730
2015-01-07T05:00:00.000000Z,141.3765,141.679,140.797,141.5685,42348
2015-01-08T05:00:00.000000Z,141.567,141.722,140.7135,140.898,30127
2015-01-09T05:00:00.000000Z,140.898,141.118,140.1915,140.3735,36360
2015-01-11T05:00:00.000000Z,140.2005,140.4775,140.133,140.1905,6122
2015-01-12T05:00:00.000000Z,140.189,140.8845,139.458,140.1005,36207
2015-01-13T05:00:00.000000Z,140.1055,140.517,138.162,138.2145,45057
2015-01-14T05:00:00.000000Z,138.2085,138.7915,137.008,138.586,51053
2015-01-15T05:00:00.000000Z,138.5875,138.7445,134.702,135.4135,151585
2015-01-16T05:00:00.000000Z,135.414,136.185,134.856,135.929,57149
2015-01-18T05:00:00.000000Z,135.7215,136.082,135.1355,135.324,11071
2015-01-19T05:00:00.000000Z,135.3235,137.107,135.2435,136.9025,31628
2015-01-20T05:00:00.000000Z,136.901,137.6435,136.153,136.293,44044
2015-01-21T05:00:00.000000Z,136.286,137.313,135.8095,136.9945,53257
2015-01-22T05:00:00.000000Z,137.0005,137.123,134.223,134.531,77729
2015-01-23T05:00:00.000000Z,134.5295,134.5495,130.9135,131.981,59140
2015-01-25T05:00:00.000000Z,131.1,131.896,130.1565,131.4195,17400
2015-01-26T05:00:00.000000Z,131.425,133.7165,131.425,133.0405,41557
2015-01-27T05:00:00.000000Z,133.035,134.2125,132.498,133.894,53287
2015-01-28T05:00:00.000000Z,133.894,134.359,132.3955,132.8515,51426
2015-01-29T05:00:00.000000Z,132.8555,134.184,132.5585,133.689,42884
2015-01-30T05:00:00.000000Z,133.695,133.7355,132.3695,132.666,38077
2015-02-01T05:00:00.000000Z,132.292,133.39,132.292,133.1095,10721
2015-02-02T05:00:00.000000Z,133.1105,133.602,132.3935,132.6565,38745
2015-02-03T05:00:00.000000Z,132.651,135.36,132.4055,135.07,47389
2015-02-04T05:00:00.000000Z,135.0645,135.21,132.542,133.178,45953
2015-02-05T05:00:00.000000Z,133.1795,135.1395,132.7255,135.1045,27782
